config_vector,quality_score
"[0.6748702900902863, 0.5, 0.824853376560739, 0.47020984665090043, 0.3185918759652879, 0.16118630643863435, 0.7767330564321742, 1.0072706412114067, 0.4905978911762751, 0.7, 5.0, 0.5299368938056475, 0.7848580001453404, 0.58703242854741, 0.0, 3.0, 0.4881690597477687, 0.9344782388109605, 0.8100165978611914, 0.52992, 0.5857871143234498, 0.22000000000000003, 7.0]",0.4714134012601631
"[0.7181059036867349, 0.5, 0.5556744030551911, 0.7905888555031888, 0.08405320688066312, 0.37749005190291374, 0.3708414807892032, 1.1736032138468593, 0.5524105721972962, 0.95, 5.0, 0.3267133809131729, 0.5800686630001618, 0.4379208690719512, 1.0, 1.0, 0.620332912888789, 0.7169259897134851, 0.7146891034811567, 0.52372, 0.8578162135969998, 0.22000000000000003, 6.0]",0.649976425658858
"[0.381758753236803, 0.5, 0.45993290904718465, 0.9160421209298806, 0.41416923555143087, 0.016067002493950377, 0.7494320164756456, 0.7812918155415359, 0.46358657589135777, 0.45, 7.0, 0.32434219182579394, 0.8462992844760218, 0.6603515009203775, 1.0, 3.0, 0.6095004642640625, 0.9028705837579443, 0.633040856128555, 0.67584, 0.764506198106332, 0.22000000000000003, 6.0]",0.6204614208417436
"[0.1692898488837929, 1.0, 0.5408330013508761, 0.37820052799322046, 0.35836760832700687, 0.30010125704548835, 0.33815601414492014, 0.9686743601791905, 0.5613330579990471, 0.95, 3.0, 0.24612549296000416, 0.6201820190263084, 0.4008643960425, 1.0, 0.0, 0.7962914771234688, 0.935541342496506, 0.8581511594278538, 0.82612, 0.688210757496995, 0.22000000000000003, 7.0]",0.4048470126834991
"[0.3564459605263164, 0.5, 0.7457423431210238, 0.313223263720713, 0.6953660225966718, 0.6542733178121692, 0.30463856957323693, 1.2992030648401462, 0.3507937933780816, 0.7, 4.0, 0.3732886869311825, 0.6111320788970143, 0.3362599538056188, 3.0, 0.0, 0.6188112272192022, 0.9223021268353391, 0.8665602296701782, 0.5398, 0.7809010582455895, 0.22000000000000003, 8.0]",0.43498665995745645
"[0.22393479201747635, 1.0, 0.0032294119795543974, 0.8501777028634574, 0.20303933864979762, 0.5623292249200557, 0.7660677139468415, 0.8340687784190475, 0.5761484094462866, 0.45, 3.0, 0.6009716198336493, 0.9680063304761144, 0.3134433748854114, 1.0, 1.0, 0.6359540260340539, 1.0523591314575915, 0.5718548401101367, 0.74052, 0.47591943339127185, 0.22000000000000003, 7.0]",0.6223788267269551
"[0.5429148660620075, 1.0, 0.0722659760121972, 0.7198916386838572, 0.4170991882809332, 0.4564302644257989, 0.5701853312159628, 1.0708866025857375, 0.700673486895, 0.8, 5.0, 0.6349254915782421, 0.8775327234695598, 0.5968623747603891, 0.0, 0.0, 0.5390376710449362, 0.9320139484335694, 0.44928357933943525, 0.63124, 0.6409424464903155, 0.22000000000000003, 7.0]",0.49365551484363357
"[0.46255358822960724, 0.5, 0.9905087004073442, 0.6470770251005243, 0.3852634844691107, 0.3443464530706189, 0.6577933425873943, 1.2820828415377208, 0.2709654692249417, 0.8, 7.0, 0.5807081287315506, 0.912176743597023, 0.4175948627527641, 1.0, 2.0, 0.5138990545196447, 1.1980153808221212, 0.678951462887843, 0.62928, 0.5841620502273404, 0.22000000000000003, 6.0]",0.6162130020049525
"[0.10071338354174247, 0.5, 0.5103139985907033, 0.6164828951396999, 0.2101937037715274, 0.4801878001316105, 0.7310807448234538, 1.1236587114840821, 0.4920106532926647, 0.35, 4.0, 0.40715242754664455, 0.6959369292664561, 0.4609746894487477, 0.0, 1.0, 0.37228253243309617, 1.0428686050329774, 0.4248025333348387, 0.595, 0.6041052241260256, 0.22000000000000003, 7.0]",0.48958162727804144
"[0.7317150170737362, 0.5, 0.8703277867819095, 0.8045544093902206, 0.7400284939280947, 0.18948965242070348, 0.42977497669441633, 0.9581769029484211, 0.7162653742883442, 0.6, 7.0, 0.584157215916329, 0.9872690281880413, 0.36921405907001914, 2.0, 1.0, 0.4900256857936565, 0.6884292239939099, 0.5289999176603328, 0.88896, 0.5720398610304642, 0.22000000000000003, 8.0]",0.711350794307045
"[0.6255845525330263, 0.0, 0.3901686091804274, 0.5058227107254745, 0.6982014388540814, 0.5187908763280319, 0.8972841866115717, 1.189610126110213, 0.5188793996316772, 0.5, 3.0, 0.6833543636403309, 0.9782708279501336, 0.4763134678693151, 0.0, 0.0, 0.21443867133047562, 0.7650792209268514, 0.7938509370502222, 0.96392, 0.47469276677368505, 0.22000000000000003, 7.0]",0.49320633829205424
"[0.670484695242767, 1.0, 0.24118385764666372, 0.8224279471285636, 0.38073162619974277, 0.18212080643004624, 0.4184908746700772, 0.9549852408674484, 0.32910478561582057, 0.7, 4.0, 0.4095778148176411, 0.8231217095231603, 0.22858408139711875, 0.0, 0.0, 0.21777819459818282, 1.0088875009314717, 0.5777836454616037, 0.67528, 0.48690500292411343, 0.22000000000000003, 7.0]",0.5461333442942099
"[0.8185751492941677, 0.0, 0.49168411336357287, 0.4474056844099781, 0.5890036280897882, 0.25725828808392276, 0.5650896827358232, 0.9421589056254448, 0.38926481655623196, 0.25, 4.0, 0.18990002047772342, 0.39831064399181426, 0.42452622989385214, 0.0, 3.0, 0.7909351670436513, 1.0486591319728704, 0.4400147821202931, 0.47424, 0.7256185416317577, 0.22000000000000003, 7.0]",0.44318100196260124
"[0.5006326770936617, 0.0, 0.6307453715000599, 0.9140867722446326, 0.36953929791737167, 0.45341706305461216, 0.35430903276364245, 1.2468424926143076, 0.6119891008642582, 0.2, 6.0, 0.6235656833165095, 0.9849830708385622, 0.507474418400011, 1.0, 4.0, 0.540316002162639, 1.060406200045965, 0.4133612439323264, 0.8456, 0.42755730950264426, 0.22000000000000003, 6.0]",0.6529763856358084
"[0.3081033695560268, 0.5, 0.6965470407393851, 0.520251754236873, 0.41752936102170973, 0.11502465692704643, 0.39001097425722225, 0.9965730985856832, 0.7041433972516311, 0.55, 4.0, 0.5719618959141398, 0.8004224752180235, 0.597299948926573, 0.0, 2.0, 0.31482513605934, 0.7555487983283773, 0.6647734738869139, 0.84344, 0.6253255210940358, 0.22000000000000003, 8.0]",0.5403836194126173
"[0.6891747832216748, 0.0, 0.8954616798644646, 0.8368910505626308, 0.5811443377843696, 0.3303497257433479, 0.8482665412518111, 0.9638920158505466, 0.6590215386811826, 0.55, 7.0, 0.5847386152433623, 0.9821269227817705, 0.5390611365082474, 1.0, 1.0, 0.7098994325204042, 1.1046414759473755, 0.4066134851145641, 0.58652, 0.6558948026005262, 0.22000000000000003, 6.0]",0.6040023174116176
"[0.45167366697210354, 0.0, 0.9537986666825434, 0.7515018869306824, 0.6967112668511514, 0.022966614099085125, 0.33191867210151704, 0.8745129779150138, 0.6612949642613153, 0.55, 4.0, 0.37310631336145894, 0.6669991102683029, 0.529067677051523, 1.0, 1.0, 0.547123790395548, 0.8231206894814229, 0.8982392939453085, 0.72336, 0.8363176306720814, 0.22000000000000003, 8.0]",0.6349105065926125
"[0.6206163663708348, 0.0, 0.7821682084278588, 0.7091461619511141, 0.7999180440131131, 0.17996330236180294, 0.8562763319226885, 1.2562665996915285, 0.4152873109185562, 0.3, 7.0, 0.6949069179241926, 0.9789395045791289, 0.37806183923203857, 2.0, 2.0, 0.58156773972472, 1.1357451538675039, 0.4980591585333983, 0.50888, 0.5640810430337623, 0.22000000000000003, 6.0]",0.598221079290816
"[0.26472424995077937, 0.0, 0.5308670505547439, 0.6743593217517891, 0.16454854172032746, 0.5064496581279793, 0.34750549005655873, 1.1066238858490778, 0.6054938961084084, 0.15, 4.0, 0.6139729416066178, 0.9715222051142536, 0.5701613173774374, 1.0, 1.0, 0.4892507799284986, 1.1181048302582202, 0.6038952980876346, 0.93104, 0.423738764144147, 0.22000000000000003, 6.0]",0.6443012543510324
"[0.36579026330538333, 0.5, 0.312890921518584, 0.6870219611297187, 0.5897426839735659, 0.08181253410462855, 0.8200417252684165, 1.066750390463046, 0.5634742875934462, 0.45, 6.0, 0.43322835236196156, 0.8248259343358441, 0.6820349567674754, 0.0, 3.0, 0.6647494481119356, 1.109961382153546, 0.7464978829389208, 0.5328, 0.6812172340734162, 0.22000000000000003, 7.0]",0.43587446255122775
"[0.4684100739058018, 1.0, 0.6744935125967575, 0.3389934847799667, 0.3393119012795688, 0.39454939850108767, 0.7356042093503341, 1.2909182372128725, 0.2934671534011456, 0.25, 7.0, 0.6566534303704307, 0.9705364790124195, 0.484786304395235, 0.0, 2.0, 0.34392897837220293, 0.6331124599102378, 0.47677758957651645, 0.83316, 0.7823025692759722, 0.22000000000000003, 8.0]",0.5020447841971167
"[0.19692597833944614, 0.0, 0.27247365991035766, 0.7612518110407549, 0.40132081024109606, 0.214669218605372, 0.710956480496619, 0.7934202361308144, 0.6980612688433816, 0.35, 6.0, 0.6439315282522932, 0.833193006375296, 0.39016453995823835, 0.0, 1.0, 0.7731784804753565, 1.011851731518689, 0.734022446357647, 0.96236, 0.3919401649281733, 0.22000000000000003, 7.0]",0.4503399128750629
"[0.15639219788859027, 1.0, 0.18432727036311713, 0.43433369318556203, 0.5055908390437803, 0.26954576030653665, 0.30966270684744385, 0.7975162283351237, 0.619503972251298, 0.75, 5.0, 0.4265646825341854, 0.7754336959672977, 0.6892143841439924, 2.0, 1.0, 0.37384095071466295, 0.6496236557657573, 0.7642969324330191, 0.71972, 0.6580291042378905, 0.22000000000000003, 7.0]",0.7616583085433251
"[0.5461943534827156, 0.0, 0.8898073719960111, 0.232256378247682, 0.3165912824109602, 0.6804538303821657, 0.6347485507749115, 1.2810318634837625, 0.3142645827167493, 0.6, 3.0, 0.3571305276182702, 0.6743502337954523, 0.6032990445282941, 1.0, 1.0, 0.25400010248380034, 0.9328232865156871, 0.5354734562811269, 0.84028, 0.34991611751953533, 0.22000000000000003, 7.0]",0.6726604150896127
"[0.18021779292596474, 1.0, 0.2679373924035634, 0.5906870645728515, 0.6566007758270054, 0.49842769486386146, 0.40228883743447486, 0.9986299395699398, 0.5507680648267262, 0.5, 3.0, 0.46546938885097094, 0.7738448484829558, 0.7243216491602703, 0.0, 1.0, 0.2821115960314537, 0.9231776127621925, 0.7220778276282189, 0.64328, 0.7304025225658117, 0.22000000000000003, 7.0]",0.45301452744342263
"[0.5451102566615709, 0.0, 0.3781367229279762, 0.23156689780707077, 0.2821138004311326, 0.40473178349540045, 0.8948870605611474, 1.2215576183682944, 0.3862555486870014, 0.2, 3.0, 0.6264218694575262, 0.8663281537072864, 0.7672257927868538, 2.0, 0.0, 0.2918656453846443, 0.9038190326907063, 0.5666723767438386, 0.68588, 0.6291998169292563, 0.22000000000000003, 7.0]",0.45883922903455043
"[0.8049192300436134, 0.5, 0.315128815883269, 0.9815586059154104, 0.5617357999948221, 0.6477360511851556, 0.6227211729809088, 1.0844455855872206, 0.7530734386698621, 0.95, 6.0, 0.6260446625840952, 0.9614714622766256, 0.33792125881682167, 1.0, 3.0, 0.6183062339596814, 0.6399641869010068, 0.8022999256329697, 0.68332, 0.6396737217520007, 0.22000000000000003, 8.0]",0.6531729311253099
"[0.39855814083916863, 0.0, 0.2840258014526953, 0.23676016844896255, 0.73255936657227, 0.3011916696773006, 0.5879122711524579, 1.0161127140258384, 0.3349854599832579, 0.7, 6.0, 0.6608704250124017, 0.851644156237699, 0.44695371150740776, 1.0, 0.0, 0.3174721621877257, 0.9061670970775036, 0.8431742201993147, 0.83584, 0.5761933983085804, 0.22000000000000003, 8.0]",0.4783841405955964
"[0.48774916822570735, 0.0, 0.7753099233600618, 0.45214797861577427, 0.34324827869450936, 0.6223511985389334, 0.5841256718617605, 0.7020020178190871, 0.755722973353975, 0.9, 3.0, 0.3271927530940499, 0.6099656630737653, 0.6596916046630402, 0.0, 1.0, 0.24763790320850393, 1.1217686083981413, 0.7698329408583016, 0.5644, 0.8616045413449289, 0.22000000000000003, 8.0]",0.43652220489484295
"[0.27013782759625454, 0.5, 0.34284523937437683, 0.6669209027789651, 0.35853363638841346, 0.26011513591522334, 0.3836636786742904, 0.8908826338881133, 0.7855478239584077, 0.55, 6.0, 0.4615903200765569, 0.9717575976328848, 0.5563929790810223, 2.0, 1.0, 0.5248875427119275, 0.8077424666216372, 0.5562396247136983, 0.40576, 0.4424739728860934, 0.22000000000000003, 6.0]",0.726767093079933
"[0.8551580971436455, 0.5, 0.7337215080973365, 0.7370529776045278, 0.43911477768295404, 0.5988210969364273, 0.36251752047029656, 1.277439816078127, 0.32341549097036026, 0.45, 7.0, 0.5426769657164114, 0.8787002996125689, 0.671519217094483, 2.0, 1.0, 0.24467233961900337, 1.1453433711945302, 0.7948996321796039, 0.60804, 0.5066390491126997, 0.22000000000000003, 8.0]",0.6051490394815723
"[0.7962419798959138, 1.0, 0.26429753968354774, 0.8347584980941571, 0.36491366503524525, 0.05076074926005398, 0.6217838531485097, 0.8857647561255185, 0.3201092727826226, 0.3, 6.0, 0.465343980399001, 0.9318958866254637, 0.4392373226545549, 0.0, 2.0, 0.21978030323858222, 0.7406816059064497, 0.5012880539730024, 0.49992, 0.8689105718812744, 0.22000000000000003, 6.0]",0.5847031600836323
"[0.4982112113974796, 1.0, 0.546278801382053, 0.6287732256289749, 0.617735933150991, 0.4039838114827753, 0.4581184783501651, 0.8289544240831151, 0.3687128953425584, 0.75, 3.0, 0.42812867732469795, 0.47967591773012275, 0.4792257647929574, 1.0, 0.0, 0.3200050596305941, 0.8359448931495181, 0.7751882992221306, 0.75712, 0.43023961949362566, 0.22000000000000003, 8.0]",0.5210905015998624
"[0.5002949126424306, 0.0, 0.8095099781074345, 0.8059481750279309, 0.7903916570608596, 0.6445355942801229, 0.8398154432321514, 1.1561754657821885, 0.6928563674080546, 0.25, 6.0, 0.580786582887182, 0.9134435233750172, 0.6439587723020922, 0.0, 1.0, 0.30101357654068583, 1.073666898053689, 0.6619301994116312, 0.67884, 0.30125327099374666, 0.22000000000000003, 6.0]",0.4921331532959234
"[0.23774213919156653, 0.5, 0.7761556440064775, 0.8386350923210231, 0.6186002367951213, 0.38584813306160004, 0.33504156338515934, 0.8978528207847835, 0.2357660025529138, 0.65, 6.0, 0.6032075013381067, 0.8379266559765411, 0.5990822479301937, 0.0, 4.0, 0.28051754090641273, 0.6821528590509781, 0.7285266999557791, 0.68184, 0.7109286919379153, 0.22000000000000003, 8.0]",0.5580162139046753
"[0.4796044577780819, 0.0, 0.3512385472878946, 0.22297745150530002, 0.0732894723232148, 0.571144251660136, 0.6078363100853577, 1.2663069998944012, 0.568698614488665, 0.35, 3.0, 0.7228867509469983, 0.8910177514833597, 0.7062680615588753, 0.0, 2.0, 0.3866633665178289, 0.7517323540607692, 0.5270997704476528, 0.4614, 0.5351639868682799, 0.22000000000000003, 8.0]",0.49215333350782803
"[0.18084796301757883, 0.0, 0.12748079108270283, 0.25373841591607454, 0.40632428249881736, 0.20989951520696898, 0.6681530810478514, 0.7161211255084935, 0.289534705620196, 0.75, 4.0, 0.5437731791235348, 0.7778843273345231, 0.7858503490974689, 0.0, 2.0, 0.5962617128019263, 0.6251762528192466, 0.8652660375158132, 0.82952, 0.6796529822401752, 0.22000000000000003, 6.0]",0.4977888197142224
"[0.32556271598339903, 0.0, 0.6436081486536499, 0.4420612143122391, 0.7075022595471108, 0.627463818819314, 0.5746439318171377, 1.0760193780489715, 0.2720762887091889, 0.15, 4.0, 0.6679807898272792, 0.7554070709254311, 0.3925134040120869, 0.0, 0.0, 0.26632178428595177, 0.9824904197600243, 0.6925517706444242, 0.76036, 0.3712467055879229, 0.22000000000000003, 7.0]",0.5158772259680908
"[0.2567001655448382, 0.0, 0.8493593878840962, 0.9421235086333068, 0.6285525804237305, 0.1730089509762503, 0.4335188626028018, 0.9655504201690157, 0.6073331198713441, 0.15, 5.0, 0.29644656560876853, 0.5755907941410487, 0.3972196326928996, 0.0, 0.0, 0.23840973592264947, 1.1808159812894374, 0.585576126140984, 0.98096, 0.7987901214022073, 0.22000000000000003, 7.0]",0.4805713501944041
"[0.3498589943888475, 0.5, 0.9145381904797222, 0.6661806402911878, 0.46548817450190677, 0.4256197290663992, 0.8726477353402797, 0.8070322472392942, 0.29985485766829734, 0.25, 4.0, 0.7938181012381941, 0.9218872240918258, 0.4638969567413388, 0.0, 2.0, 0.6022998339749888, 1.0331859142548154, 0.5163211743038061, 0.5374, 0.4689808513376015, 0.22000000000000003, 7.0]",0.47929283274972057
"[0.8600719511439343, 1.0, 0.10781316889882642, 0.8594164806713629, 0.15518793520447416, 0.0015128251131506175, 0.41528923496464415, 1.15251861261301, 0.6666132208055322, 0.15, 7.0, 0.5444462823142345, 0.8207308275061851, 0.4523018322455115, 2.0, 1.0, 0.4218992155253487, 0.9221219519382697, 0.6856996734118722, 0.46148, 0.7865547303770039, 0.22000000000000003, 6.0]",0.6085097273396283
"[0.6875583649020417, 0.5, 0.4092183364558353, 0.902113420526327, 0.7510791913634987, 0.3571488858585565, 0.40289803013574454, 0.9068134234057887, 0.700072796144326, 0.85, 4.0, 0.48266015062490975, 0.9821527200702727, 0.678822458455534, 1.0, 2.0, 0.432735760620393, 0.7629913054061892, 0.8646019214247729, 0.96768, 0.755169737688062, 0.22000000000000003, 6.0]",0.660383399944854
"[0.5198199454361613, 0.0, 0.8386065645887827, 0.380443446900542, 0.19525473073584615, 0.2802605863700251, 0.6875555003889199, 0.9376705110483973, 0.5039420289998824, 0.8, 7.0, 0.7125700740084128, 0.9505206184869956, 0.4782273911221417, 2.0, 1.0, 0.6212504624279696, 0.978785897006009, 0.697066765325876, 0.46728, 0.6620767721557677, 0.22000000000000003, 7.0]",0.6035833799511651
"[0.5070274720822608, 0.5, 0.34107494673112115, 0.3431447109495627, 0.5360045639547869, 0.6697048675965089, 0.42586181282742863, 0.826881083376768, 0.37315921658649, 0.6, 3.0, 0.6900446441247728, 0.7879974367283935, 0.48991391415261903, 0.0, 1.0, 0.3434949093466233, 1.076332241536878, 0.5837134426769452, 0.57312, 0.8899050000977986, 0.22000000000000003, 8.0]",0.4374409724403582
"[0.26801071756231876, 0.5, 0.6400781005470046, 0.3081763553764245, 0.307474589251732, 0.4815191018962665, 0.3558317741545715, 1.003763614839627, 0.46059113908607674, 0.3, 6.0, 0.38299044359902873, 0.7545579978429657, 0.44553103204318556, 2.0, 2.0, 0.22342798876896391, 0.706706836676523, 0.6740459817006981, 0.99112, 0.5022845172710255, 0.22000000000000003, 7.0]",0.7827849669219404
"[0.138725714138557, 0.5, 0.3539484696046328, 0.3154679505348889, 0.48068054667697563, 0.6711626684847474, 0.6579284188418798, 0.9733771524970345, 0.6947313929296113, 0.2, 5.0, 0.6581629666725555, 0.9459403118329269, 0.5409119363902226, 0.0, 1.0, 0.778082073781978, 0.9357863758950122, 0.6672344734600906, 0.75356, 0.6784762179273878, 0.22000000000000003, 8.0]",0.45693329895280566
"[0.45090860320095605, 0.5, 0.7838046121688906, 0.41682700079930596, 0.7944603986886145, 0.6137981669116992, 0.8407147450869603, 0.7258605520124246, 0.5708069348771461, 0.75, 4.0, 0.7088222833464577, 0.948057476840026, 0.32576868307878304, 1.0, 1.0, 0.2693301908216119, 1.0456512447373711, 0.7607652653947912, 0.88936, 0.46432099307386276, 0.22000000000000003, 7.0]",0.7111419152910248
"[0.42010349883032705, 0.5, 0.05758983573510801, 0.351827698909365, 0.2650241332858239, 0.38473899026248004, 0.5079163027718411, 0.7688241877354761, 0.5243747205445314, 0.8, 7.0, 0.5459619336154129, 0.9195256677279714, 0.4335668835596295, 0.0, 2.0, 0.20719321419290526, 0.738239205823968, 0.8389936298012759, 0.87676, 0.6947348265801063, 0.22000000000000003, 8.0]",0.5385613153404419
"[0.8867074525380846, 1.0, 0.11151763673288195, 0.9169457007937307, 0.07690779736565317, 0.4341685609283325, 0.8227534647983885, 0.8797160605129574, 0.2474573571534568, 0.25, 6.0, 0.5003270553968783, 0.7698387831040842, 0.6667420706703182, 3.0, 3.0, 0.5239807528228284, 0.6038067703457264, 0.7064749765879427, 0.73296, 0.3738744315039037, 0.22000000000000003, 7.0]",0.7632345018827513
"[0.6860541293609874, 0.5, 0.6845915410289968, 0.7419575423571132, 0.4510387418597319, 0.35013900381807284, 0.44015817456018436, 0.7422639143209453, 0.6352821629657658, 0.2, 4.0, 0.4129069525175315, 0.6486233508048124, 0.602812429746895, 1.0, 0.0, 0.4853027417782286, 0.97808982862045, 0.477378588300942, 0.631, 0.33152430964893226, 0.22000000000000003, 8.0]",0.5638963662666123
"[0.3456101493017477, 0.0, 0.5797976828311321, 0.8181347070393747, 0.47917587168688325, 0.2802461398910681, 0.42698640277294797, 1.190684968309711, 0.20472548734853505, 0.25, 5.0, 0.39805084639035665, 0.7399235484437571, 0.43571539047578584, 1.0, 0.0, 0.5503332657748681, 0.8351085274256405, 0.4106015541805958, 0.56524, 0.8136050534628667, 0.22000000000000003, 7.0]",0.4846046295816164
"[0.890072826791416, 0.0, 0.2192475833067019, 0.9056654184632729, 0.4507802681862833, 0.09373088721543915, 0.4498070510838337, 1.0492273889551935, 0.6250325744699647, 0.5, 4.0, 0.537356629797071, 0.8313297812966022, 0.3727434262592174, 0.0, 2.0, 0.3627566444270419, 0.9980066428152752, 0.8450088153858778, 0.70364, 0.7927360322769601, 0.22000000000000003, 8.0]",0.44610254534209254
"[0.5351834942701811, 0.0, 0.3583933135501268, 0.7999221748582439, 0.10681137990323367, 0.4606643079655772, 0.472659360957288, 0.7719641852311203, 0.2597914399602067, 0.85, 7.0, 0.26019994544843694, 0.4108427067805809, 0.26017624401218764, 0.0, 4.0, 0.22784876500049947, 1.1235417812754713, 0.4938871930417303, 0.41076, 0.6625917380091532, 0.22000000000000003, 8.0]",0.5007816383317197
"[0.5687469551704161, 0.0, 0.5536496425310734, 0.7475276374132687, 0.77991619305365, 0.014707056361783532, 0.3727176174056118, 0.8976906916080832, 0.6367786531423545, 0.8, 6.0, 0.5986826383693414, 0.8288557500431135, 0.373679226032372, 3.0, 0.0, 0.3935862601321769, 1.0458825379311165, 0.6921192697058143, 0.73064, 0.892347477943483, 0.22000000000000003, 8.0]",0.45169913857531424
"[0.40325519216635364, 0.5, 0.9541862422993531, 0.921196589723609, 0.46465082343176944, 0.15623352241931726, 0.838073791202629, 1.2954606431211766, 0.6073689764199321, 0.7, 3.0, 0.5383264833493119, 0.754546281653595, 0.46436836011458865, 0.0, 0.0, 0.6726786545303947, 1.103129476084101, 0.4315150260346854, 0.46916, 0.7615693464059006, 0.22000000000000003, 6.0]",0.4060361495516281
"[0.18547584872574616, 0.5, 0.8147682011246467, 0.7541843771736958, 0.7926373963343378, 0.6246407767712392, 0.894608391220425, 1.080431003101923, 0.47445075075123794, 0.75, 5.0, 0.36581699563526027, 0.7911187436114725, 0.714336638548424, 1.0, 4.0, 0.4337716109283293, 0.6810285017996042, 0.4520169071937076, 0.69304, 0.48710281891113344, 0.22000000000000003, 6.0]",0.7808940223744912
"[0.8970628721878031, 0.0, 0.25462750723083716, 0.99035938886134, 0.31974917113976886, 0.16895604507183176, 0.7782152786368316, 1.102619804517546, 0.41766776890006474, 0.7, 3.0, 0.543589832166889, 0.7210001870709118, 0.7550455766046907, 1.0, 1.0, 0.5760727714287142, 1.0778972602885724, 0.5717099319084986, 0.73976, 0.4332988635910817, 0.22000000000000003, 7.0]",0.7076485827472846
"[0.8674424964198754, 0.0, 0.8607458117878936, 0.23994985969535573, 0.2249800941450662, 0.6895289780880999, 0.5942405650764796, 0.9045295109130749, 0.23574197633120642, 0.7, 4.0, 0.605767327151739, 0.9170774675644767, 0.4593125013643311, 2.0, 1.0, 0.30232418510163195, 0.7407444200004376, 0.6487872338375555, 0.49384, 0.44640288698993735, 0.22000000000000003, 8.0]",0.7828751876401935
"[0.4623167270556997, 0.5, 0.7929422270260678, 0.28696051876329004, 0.6625505529152859, 0.6008582380632201, 0.3574732082301474, 1.1835527897912494, 0.6349114588998663, 0.95, 5.0, 0.32626969470040557, 0.6192477973466604, 0.7929442244744979, 0.0, 3.0, 0.7750513828646262, 0.751756370632411, 0.8885424555729806, 0.83048, 0.8174419852626706, 0.22000000000000003, 6.0]",0.45153123849219795
"[0.8819475789142907, 0.0, 0.48167926149227513, 0.3821380995406079, 0.1703617430278108, 0.05515778411266998, 0.896057995016309, 0.8174302353094017, 0.7542153338874158, 0.45, 4.0, 0.5072487880889198, 0.9512313441715227, 0.5034527040191342, 0.0, 2.0, 0.3801030583471062, 0.7210477859882587, 0.736643701858716, 0.54412, 0.3841093485472204, 0.22000000000000003, 6.0]",0.5854950805682146
"[0.309747414553715, 0.5, 0.8509739176545779, 0.45393438010598763, 0.42360779617372135, 0.6398554231058058, 0.5640132353159657, 1.0933459534851333, 0.7603817298292108, 0.2, 5.0, 0.534208395727531, 0.8925682338337924, 0.46639535471973553, 0.0, 1.0, 0.48341737559088643, 0.7425126553095899, 0.43596680235079005, 0.73404, 0.596473432740259, 0.22000000000000003, 6.0]",0.5930275498772387
"[0.8739112897183977, 0.5, 0.9511632274369787, 0.6504669844727975, 0.2989620288822347, 0.2886495769103272, 0.7028475260966129, 1.124862526701689, 0.31901396061128917, 0.5, 4.0, 0.4198116269371059, 0.6859223049168329, 0.40732883878620707, 0.0, 2.0, 0.31507167546809794, 0.6207126034850248, 0.65664473082959, 0.7458, 0.4743776798945718, 0.22000000000000003, 6.0]",0.5829699710732893
"[0.18974528178763317, 1.0, 0.05459005887412394, 0.8295768346676329, 0.5565261674844278, 0.172869440424155, 0.49131466780190725, 0.808923901883665, 0.26153970242685404, 0.95, 3.0, 0.31866891801456443, 0.4662475007059268, 0.6633738316199017, 0.0, 0.0, 0.478772106715028, 0.8671986958307346, 0.7278471723455596, 0.47268, 0.4191751024105687, 0.22000000000000003, 8.0]",0.48618553471998965
"[0.6210023601650754, 0.5, 0.6688950941156804, 0.5064733455258428, 0.17207783128706222, 0.48886101738076865, 0.6937867339249086, 0.8307993170964639, 0.48342889269492356, 0.6, 4.0, 0.5498513588381382, 0.6807820196645274, 0.5797478677494512, 1.0, 3.0, 0.7423139380791599, 1.1948361076243743, 0.5496460702896829, 0.41164, 0.515130343485128, 0.22000000000000003, 6.0]",0.6305966339600347
"[0.3158228942995088, 0.5, 0.9453782627951793, 0.36642516087318083, 0.09614583086805686, 0.6676038728654905, 0.8267373666393734, 1.1760495158988564, 0.4087831570398557, 0.6, 5.0, 0.5090018009722554, 0.9725679718944177, 0.4028393336585858, 0.0, 0.0, 0.45255437724231334, 0.8146687238905439, 0.8510493281990461, 0.9982, 0.8060912334186394, 0.22000000000000003, 7.0]",0.4623424448943218
"[0.18124374840148053, 0.0, 0.8618472675725481, 0.5966753978573245, 0.2562113738771066, 0.35269100876458237, 0.8233719876110253, 0.8870100416745209, 0.5986491947901065, 0.8, 5.0, 0.16687008495433825, 0.40264273209067003, 0.6946568571075977, 1.0, 2.0, 0.735580731368715, 1.1029271068485973, 0.6842619012328012, 0.89152, 0.3226943423710686, 0.22000000000000003, 7.0]",0.6511107049044244
"[0.8501799884013652, 1.0, 0.9644347350920994, 0.4967764284730238, 0.7397173603648789, 0.010311974190957873, 0.8027940631313923, 1.2446678995876563, 0.23256452388230006, 0.7, 4.0, 0.49691788611368215, 0.8149541279374931, 0.7767623637992105, 0.0, 3.0, 0.44649392818290534, 0.8228443565877012, 0.7363551371928667, 0.65368, 0.40331403097224156, 0.22000000000000003, 6.0]",0.4794576870117637
"[0.6286228952835227, 1.0, 0.5853990290751365, 0.4949078005615721, 0.19250351169579868, 0.51849072414722, 0.883518681761094, 0.9333420551032358, 0.3712902420826759, 0.65, 4.0, 0.5754941434534209, 0.8739767636920571, 0.3789204015172939, 1.0, 2.0, 0.3923750424065763, 0.9964110216413669, 0.41169776403898034, 0.81816, 0.7933352160989378, 0.22000000000000003, 7.0]",0.6841507584677631
"[0.3362113785885723, 0.5, 0.40351709168549477, 0.8926300669113048, 0.38829206573211644, 0.018951528049584287, 0.7807901581489816, 0.8394685965307029, 0.6063533663644942, 0.2, 4.0, 0.6535361713002166, 0.8365008142559038, 0.5942182876971427, 0.0, 2.0, 0.27507484438092455, 1.1176320330997958, 0.4167909118789591, 0.48808, 0.6420976036152817, 0.22000000000000003, 7.0]",0.5238851542658425
"[0.6568743634021362, 0.5, 0.15611914605642918, 0.9878688942706504, 0.027344278275584347, 0.12757382097067446, 0.6221467013387287, 1.0466109102069654, 0.45316477983852527, 0.3, 5.0, 0.7084474419294587, 0.9582513683987619, 0.4459816499025324, 0.0, 2.0, 0.7891692556549244, 1.0204130520746095, 0.7188040056672664, 0.75784, 0.7475738725988301, 0.22000000000000003, 7.0]",0.5796639736606767
"[0.7468901080325695, 0.5, 0.42034578815259027, 0.2643968836491779, 0.7705324596889516, 0.35857259912098177, 0.40692846568917584, 1.227214742256161, 0.5418473283605731, 0.85, 4.0, 0.30860957904789754, 0.7046175604812072, 0.25909841536623246, 0.0, 1.0, 0.40117442803327297, 0.6206043646147059, 0.587359448228645, 0.73988, 0.665601600105429, 0.22000000000000003, 6.0]",0.5267644457674062
"[0.2228227675564477, 1.0, 0.34645935940099926, 0.41616031610236925, 0.6718855422794618, 0.6762494478234917, 0.32617551054585436, 0.8678587681168474, 0.4261634797869416, 0.45, 5.0, 0.36172128306154694, 0.6139599236473402, 0.439966284178524, 0.0, 1.0, 0.28826210368988003, 1.0481044939883266, 0.8167723205543672, 0.87472, 0.7437369539089702, 0.22000000000000003, 8.0]",0.4792402376988598
"[0.8779591597357773, 0.0, 0.668750675538477, 0.5497676588800965, 0.07595592673796939, 0.16908473610153188, 0.35581705298689165, 1.2697142724459756, 0.7062346260987171, 0.7, 4.0, 0.20693384894835762, 0.3247944079816599, 0.25342808526642147, 0.0, 1.0, 0.7227684202947846, 1.0534401440756724, 0.7482555088361514, 0.9234, 0.8979410846808986, 0.22000000000000003, 7.0]",0.4336168325007305
"[0.5527424208391646, 0.5, 0.359604320234886, 0.5861351649508398, 0.012041191012613073, 0.05412896153170242, 0.8090792119498311, 1.1802795940149966, 0.46395983879821895, 0.25, 3.0, 0.6004007731606487, 0.8196541630975254, 0.3693551795401857, 1.0, 1.0, 0.3418298826631584, 1.0805870519309255, 0.5275977056784471, 0.52408, 0.32692237710856287, 0.22000000000000003, 7.0]",0.663455319256519
"[0.25829594352682916, 0.0, 0.23033228530097105, 0.30273169936889, 0.08016737596223944, 0.16458332790465813, 0.6172828640086152, 0.9081520320084487, 0.3064814494371443, 0.6, 7.0, 0.5600612508997251, 0.9701386907744339, 0.43626189920112024, 0.0, 5.0, 0.7344589489713333, 1.013714115093581, 0.7796870707255446, 0.66928, 0.47304140977315795, 0.22000000000000003, 8.0]",0.4844412888729722
"[0.47405061085827405, 0.5, 0.19937325457189503, 0.6609917668876077, 0.33858256132132186, 0.1499226270536465, 0.8172562298544466, 0.7190495749057296, 0.40570866797875765, 0.55, 5.0, 0.5393062200802798, 0.8998929869008311, 0.394509217592514, 0.0, 3.0, 0.46676768723657613, 0.9410432440628569, 0.5378413968850305, 0.53324, 0.7264850729318632, 0.22000000000000003, 6.0]",0.5237822658172273
"[0.12830873218122277, 0.0, 0.7239501942791635, 0.9703503914518443, 0.7414609191173688, 0.26548168326744925, 0.49972642414543555, 0.8810535713010257, 0.7322882712400722, 0.6, 6.0, 0.380106571050248, 0.8671715467255734, 0.3725226528704637, 3.0, 3.0, 0.6014543674475181, 1.1658294998669578, 0.4990725626435714, 0.9106, 0.8053378419380472, 0.22000000000000003, 6.0]",0.6309266442812972
"[0.4786741445908673, 0.5, 0.18671260810126566, 0.3425824256855843, 0.540521146996956, 0.6752755888726051, 0.6852509266926388, 0.9953969798350194, 0.5483535248948483, 0.2, 4.0, 0.29246026298162325, 0.7016462841895004, 0.1635434048807058, 0.0, 1.0, 0.2317638939201194, 1.0404653521802234, 0.8191582286053406, 0.58928, 0.4808417740100175, 0.22000000000000003, 7.0]",0.6280933752233032
"[0.4943650414483711, 0.0, 0.8194350207628086, 0.7217380620181755, 0.6897152542238774, 0.5254639985003967, 0.6591430836537017, 0.7526141708678524, 0.6635956034416126, 0.8, 5.0, 0.5499454285916576, 0.8073015630132991, 0.415056957863568, 1.0, 1.0, 0.7621162407195261, 0.7947129476856827, 0.4761915672035085, 0.62584, 0.5056729930030216, 0.22000000000000003, 8.0]",0.7137060699645785
"[0.11408056941030997, 0.5, 0.7096557993533359, 0.21453743081537172, 0.7866418522884242, 0.019408448054185467, 0.8041052165389877, 0.7638685183082916, 0.6008050812475422, 0.95, 4.0, 0.4773503185147998, 0.8722059494373475, 0.4975843426390596, 1.0, 0.0, 0.45979637776998594, 0.7566432125852423, 0.8164565414629432, 0.57352, 0.43194091705253584, 0.22000000000000003, 8.0]",0.5312176562427006
"[0.3464471002391581, 0.5, 0.29585397501833066, 0.2174061893471226, 0.1974012986518514, 0.2790231677852051, 0.5578184016157992, 1.0900329874237895, 0.52320127410728, 0.65, 6.0, 0.685236167414407, 0.8081460320036659, 0.49642592179623896, 1.0, 2.0, 0.6058373475083535, 0.7601950768913804, 0.5463408586509546, 0.78056, 0.5225688290145654, 0.22000000000000003, 7.0]",0.6807452709556507
"[0.16289979742100086, 0.0, 0.5391153743358018, 0.5106393987341608, 0.07155610218273951, 0.6780168143856291, 0.7977480780286264, 0.7436974213108514, 0.5303000294386156, 0.15, 3.0, 0.8227294445603027, 0.9358876821216224, 0.220789469790824, 0.0, 2.0, 0.5470556157310037, 0.7321217815427454, 0.8329275745779163, 0.63056, 0.5703048931006938, 0.22000000000000003, 6.0]",0.47030349687878636
"[0.8561939583229852, 0.5, 0.995961669901486, 0.5295955914295543, 0.10146768950778284, 0.6264724167081278, 0.6113608668570762, 0.8132079767833822, 0.7501838140968802, 0.65, 5.0, 0.25407826208583384, 0.5519298886808575, 0.35166415690960534, 0.0, 2.0, 0.2972204079175044, 0.6406089763787819, 0.5008811255595798, 0.73448, 0.36226370192382973, 0.22000000000000003, 6.0]",0.6681454835962283
"[0.8861151547560884, 1.0, 0.09353704500133986, 0.5203184725272514, 0.34937956031604966, 0.3348921332057053, 0.3466064721112344, 0.7701313262678966, 0.5875199422707513, 0.45, 7.0, 0.3089751757121264, 0.9470093689962629, 0.34866129891562636, 2.0, 2.0, 0.38125198677036976, 1.1810205963002895, 0.7391942800184146, 0.81024, 0.8538338992680923, 0.22000000000000003, 6.0]",0.602855513461954
"[0.6892199067320047, 0.5, 0.9586694622312448, 0.9539666721403797, 0.09141966513736365, 0.36832318210514803, 0.483337710039336, 1.1818066034903913, 0.6608155933122692, 0.8, 4.0, 0.5961402684762609, 0.8712187643935411, 0.5145655059525792, 1.0, 1.0, 0.4463149263223096, 1.047667127260192, 0.7207330091255909, 0.80124, 0.8768290198463371, 0.22000000000000003, 7.0]",0.6255581227598856
"[0.5658978771458717, 1.0, 0.835115533708366, 0.42239839297946347, 0.17534428657898093, 0.4117572015953127, 0.42316550522326335, 1.065468728468072, 0.5136330727367069, 0.35, 3.0, 0.6429025437939597, 0.9123049085786382, 0.6940694106402074, 2.0, 0.0, 0.7110671068935661, 0.6926565811046996, 0.410268723183496, 0.94224, 0.4368216663625915, 0.22000000000000003, 8.0]",0.49408070310750146
"[0.5758655781724819, 0.5, 0.2580662162933607, 0.835728477536831, 0.6761440176155924, 0.6911977360818466, 0.6670192197030137, 1.2071962561710838, 0.3508479491086093, 0.45, 5.0, 0.3757410313057868, 0.8977519988534419, 0.6536808650699092, 1.0, 0.0, 0.21836140954147873, 0.9949475687718252, 0.5848987816669182, 0.47816, 0.8966157686325218, 0.22000000000000003, 8.0]",0.48093211102723077
"[0.494016119049861, 1.0, 0.0341941277611828, 0.4742240363410212, 0.6900979770792692, 0.29804180220173226, 0.6637595827954017, 0.9521639148421954, 0.4302222844381467, 0.5, 5.0, 0.603800150431783, 0.8621148123863738, 0.671370280682605, 0.0, 1.0, 0.6293860727292635, 0.6402567929791605, 0.6830610884115178, 0.82476, 0.8173947978004483, 0.22000000000000003, 7.0]",0.5140054200869396
"[0.6854150704195414, 0.5, 0.40692728723237637, 0.6729562797988737, 0.7810087111700916, 0.03664054023261062, 0.42485940716610926, 0.8886982714734724, 0.2849950929299799, 0.8, 6.0, 0.5347112543027538, 0.9186782228539685, 0.7390899935797037, 2.0, 3.0, 0.7523174435036897, 1.155808924657114, 0.4890148807326912, 0.55064, 0.8233088815189566, 0.22000000000000003, 8.0]",0.6249489954774997
"[0.6541052846984663, 0.5, 0.45162850204053195, 0.9067185864612939, 0.10782895958515946, 0.13268465664762114, 0.6928584966368543, 0.8671341963529758, 0.26923256372788856, 0.7, 7.0, 0.5003722190539464, 0.9619634761038378, 0.6152787243213508, 1.0, 1.0, 0.6955936588206606, 0.6057721997804307, 0.7638081078839165, 0.72212, 0.7283117371036891, 0.22000000000000003, 6.0]",0.6315664035147297
"[0.5826767960196266, 0.5, 0.4425401653608608, 0.2733900628529171, 0.6703806255348881, 0.0750752484095887, 0.568696548493864, 1.2959949685660357, 0.7595025724791922, 0.45, 7.0, 0.5227011712109905, 0.9272360273184712, 0.5937147744195783, 1.0, 2.0, 0.7313695335965857, 0.7937903913282879, 0.7688558615584504, 0.54788, 0.7743195377773456, 0.22000000000000003, 6.0]",0.632663303343543
"[0.32719907686257554, 0.0, 0.927638075462634, 0.8749547139298586, 0.5915867566967806, 0.3021559951459183, 0.47830052573951554, 0.9271369578398787, 0.4088792138578777, 0.8, 6.0, 0.4715788645696093, 0.838398083780618, 0.6351346761850399, 1.0, 4.0, 0.3785378962324313, 0.6999778352093312, 0.5187741077468939, 0.42872, 0.3530947866153111, 0.22000000000000003, 8.0]",0.8097408962105777
"[0.8480289436424548, 1.0, 0.8865485509406881, 0.5521981936946987, 0.5389818998246939, 0.3839097795180646, 0.7694677348968992, 1.0129258363821547, 0.6575165988032681, 0.2, 3.0, 0.36773411143413776, 0.8804870258382163, 0.23151617029212593, 1.0, 1.0, 0.3986221997603814, 0.7762729315715711, 0.6488317376685258, 0.57664, 0.47786709812719586, 0.22000000000000003, 6.0]",0.6927217260082588
"[0.5946962596570821, 1.0, 0.2943018990233255, 0.8366570682728998, 0.3081699808618947, 0.34681743957736855, 0.8344602255929987, 1.2431712516857045, 0.5323205607823964, 0.85, 6.0, 0.47024085013296535, 0.9061190419102244, 0.4012871848300126, 1.0, 4.0, 0.7966111355033239, 0.959000165105341, 0.6061597028546288, 0.99768, 0.43559287852592915, 0.22000000000000003, 8.0]",0.6215869089738387
"[0.4460973828930862, 0.0, 0.5633045517651357, 0.5046214848186232, 0.5867375865931406, 0.10712268699441707, 0.48811142057328905, 0.7887799950141264, 0.6586819538961621, 0.75, 4.0, 0.6344011987104597, 0.9452101881575973, 0.5637272340431744, 1.0, 0.0, 0.4204948448917409, 0.6858868752878742, 0.43166081282359414, 0.97428, 0.7338873673901354, 0.22000000000000003, 8.0]",0.5978015254919284
"[0.6592261646010931, 1.0, 0.8038659738311581, 0.7846224493126306, 0.20099284790453797, 0.3931133347649054, 0.7948519270820398, 0.9883013796848714, 0.7970562677757922, 0.5, 6.0, 0.42888803875232057, 0.8969634896651361, 0.35720092769111744, 1.0, 1.0, 0.5049514842541747, 0.7469536434569165, 0.8339484798633923, 0.43776, 0.45227152106370455, 0.22000000000000003, 7.0]",0.6721643103155016
"[0.28046761658033437, 1.0, 0.10974714526893514, 0.7067058773492851, 0.12795855225373015, 0.6753237334265427, 0.5967341506099781, 1.0072570398386294, 0.5473666117291194, 0.45, 6.0, 0.5833212448903152, 0.9590107830347412, 0.44218860481519856, 1.0, 0.0, 0.5815346464076292, 0.6039444341879607, 0.5763999526398758, 0.69196, 0.525675043390524, 0.22000000000000003, 8.0]",0.5427951601367476
"[0.20062176133568618, 1.0, 0.4562210609780908, 0.7256001780055448, 0.5658037981327261, 0.5995639054112855, 0.38439158941298024, 0.9372585463341752, 0.4694006395464122, 0.25, 6.0, 0.41371035235443365, 0.7109221748903435, 0.6029383385441615, 0.0, 2.0, 0.515787780696939, 1.0638468148297944, 0.6654133999250329, 0.85132, 0.8199682194835418, 0.22000000000000003, 8.0]",0.44461150910702457
"[0.3759339985120186, 1.0, 0.6370226354409029, 0.8328341728553157, 0.2628811890794438, 0.3739689187585065, 0.6139969633560208, 1.0069512256168114, 0.2133034322626188, 0.4, 6.0, 0.3797253380117041, 0.8825185672778858, 0.5449580551576055, 1.0, 4.0, 0.2868464939790455, 0.8716516096673229, 0.586501808358936, 0.67904, 0.7102084533446416, 0.22000000000000003, 6.0]",0.7060935463874616
"[0.5484606543664112, 0.5, 0.590460426723747, 0.7652713718343085, 0.06451364310864723, 0.2194425968722941, 0.35365592465271023, 0.7632154966876887, 0.3778474693335616, 0.25, 7.0, 0.6601789648291267, 0.8984003073221192, 0.4953591709328547, 2.0, 2.0, 0.267692004658951, 0.964971146105763, 0.5680079079377691, 0.45092, 0.7703241955532215, 0.22000000000000003, 7.0]",0.6877922041499731
"[0.5939847837842523, 1.0, 0.05451763891034256, 0.260458221737291, 0.3354491533372261, 0.6046161631592721, 0.31346881385422565, 1.2870719369654684, 0.79422054749686, 0.95, 3.0, 0.681667052387206, 0.9944522898616136, 0.43141052166302485, 1.0, 2.0, 0.4568479993620108, 1.1886504394639168, 0.5660844730247567, 0.87524, 0.34768253443308333, 0.22000000000000003, 8.0]",0.6065164935761435
"[0.1274036905169429, 1.0, 0.003633561167698973, 0.6896892669904069, 0.6863353997535833, 0.033675039712150086, 0.6609138924677789, 1.0485176579315691, 0.527943953357118, 0.15, 3.0, 0.6610138606868254, 0.9931674450828808, 0.5590608304800498, 1.0, 0.0, 0.30842364256832233, 0.8229667617879713, 0.5834600171428336, 0.62616, 0.6909607919201854, 0.22000000000000003, 7.0]",0.491930778604477
"[0.688567454879369, 0.5, 0.8210421527087526, 0.6737197577573754, 0.4667338488647717, 0.27127161331549077, 0.6046543321260547, 1.1641149137460187, 0.535720423065001, 0.6, 6.0, 0.4086782600490014, 0.7254360250601631, 0.5012679522627185, 1.0, 2.0, 0.5387462066642683, 0.7079831017649303, 0.7677609903633411, 0.79092, 0.3677762803201076, 0.22000000000000003, 7.0]",0.6788561357373665
"[0.5583360021019684, 0.5, 0.42401995569116324, 0.7036037852382349, 0.22661760717950763, 0.49302855921355776, 0.790260016649279, 0.7108916837344778, 0.32383926698086524, 0.75, 5.0, 0.47911658059626117, 0.7489656401249016, 0.7738608514219694, 0.0, 1.0, 0.7069219342432724, 1.0300027041379973, 0.8918302285604001, 0.80204, 0.4848443836102612, 0.22000000000000003, 7.0]",0.4604638480447481
"[0.5875010344617698, 0.0, 0.3879410433728787, 0.45326730017179506, 0.23490183427971614, 0.3685895497341991, 0.8105659587595684, 0.7379547420771577, 0.40988698138491314, 0.45, 3.0, 0.7145331277241421, 0.9206526492191196, 0.33241044463534625, 0.0, 1.0, 0.3094689408885641, 1.1660849769002255, 0.6276566734101807, 0.60568, 0.5185437511570932, 0.22000000000000003, 8.0]",0.46478366889671774
"[0.693252347285975, 0.0, 0.5459636592248522, 0.8313683512863075, 0.01566732838518048, 0.22410837229605812, 0.657931102877891, 1.102995094621605, 0.4122925775592955, 0.2, 4.0, 0.5281082705152336, 0.9186087254085615, 0.6906330280674396, 1.0, 0.0, 0.21793620204626213, 0.9318914199098701, 0.8484237986426697, 0.91844, 0.5828750317585689, 0.22000000000000003, 7.0]",0.48068215993786356
"[0.5154067780023768, 0.0, 0.5553783057371937, 0.9655031810655907, 0.2841336447455638, 0.4244613336135406, 0.4150475618280805, 1.2507732733716985, 0.5256069738324035, 0.9, 6.0, 0.8132412824191003, 0.8996926926285554, 0.5717066168361088, 2.0, 2.0, 0.603395941263829, 1.1066838924051867, 0.6370644486834834, 0.84336, 0.3926213155060942, 0.22000000000000003, 6.0]",0.6294985870582955
"[0.845194923088346, 0.0, 0.18569204888096202, 0.9104725522915016, 0.34243162187487414, 0.653291679152789, 0.7168072432410453, 0.9290749164945123, 0.6747882086309085, 0.95, 5.0, 0.2927626866662589, 0.8801946697958325, 0.5753162587615175, 1.0, 3.0, 0.5347260966153715, 1.0745653000692845, 0.714326944031744, 0.58472, 0.7137987107372061, 0.22000000000000003, 6.0]",0.647542296233994
"[0.19389165753113968, 0.0, 0.03719876888832485, 0.7415612493587198, 0.07169505188744241, 0.10672395129476603, 0.7494531988863076, 1.034743477848595, 0.4477488417851301, 0.75, 4.0, 0.6943258492283, 0.9869330280364679, 0.3537117018370789, 0.0, 1.0, 0.3455162079575676, 1.0449671826380247, 0.5595443268199012, 0.6952, 0.39974522186861344, 0.22000000000000003, 6.0]",0.5036659385038268
"[0.5344717381457863, 0.5, 0.32087447797594204, 0.9554993977608215, 0.01825279727597069, 0.2781130307789178, 0.6718395134125039, 1.1537377807345255, 0.5053035342403686, 0.45, 3.0, 0.21557071320054536, 0.35143425275214535, 0.6632520336322637, 0.0, 2.0, 0.5524443791017759, 1.047804196023956, 0.4740385579914517, 0.92572, 0.3854124761380012, 0.22000000000000003, 8.0]",0.5063963872064281
"[0.29823283523286187, 1.0, 0.5382714767452127, 0.23661821621918933, 0.05323328150200828, 0.20296469799676015, 0.7389846879926516, 0.9182270130863694, 0.41094031136144654, 0.7, 6.0, 0.5109041026045263, 0.8645584888254726, 0.32191208531515847, 1.0, 1.0, 0.35717262701758684, 0.7359294529263464, 0.7083375623454953, 0.419, 0.808902013408032, 0.22000000000000003, 6.0]",0.5889978384636869
"[0.6544709275892812, 1.0, 0.2800523365007628, 0.5485667793824143, 0.41088697615569947, 0.27834546398926163, 0.48861416734144014, 0.8548242921010094, 0.776103521324317, 0.4, 7.0, 0.5345596379407079, 0.9519720937462132, 0.4636464565256925, 0.0, 3.0, 0.605003077213896, 1.0623614816575266, 0.8957326573186084, 0.40272, 0.5728545308243989, 0.22000000000000003, 6.0]",0.4097468230991166
"[0.2215437651371678, 0.5, 0.8131444693910322, 0.23652034548529768, 0.1301549141264556, 0.38587851420680186, 0.6471941086803558, 1.014580943768542, 0.291150143149405, 0.85, 6.0, 0.5988541494651058, 0.9604039999805611, 0.5751959624142493, 0.0, 2.0, 0.567685995760827, 0.9204871203342585, 0.5545156699484868, 0.774, 0.45206414780262616, 0.22000000000000003, 8.0]",0.5093882264992415
"[0.33575318377468577, 0.0, 0.5499592586975726, 0.6659179480019645, 0.17098516200269467, 0.47302361207718757, 0.8537353484803591, 1.0813079871236109, 0.5527758187669324, 0.2, 5.0, 0.3621425898687892, 0.882386324243821, 0.6159197798902227, 2.0, 0.0, 0.7508628231933139, 1.0574109619828131, 0.8078361750938189, 0.56676, 0.3086988207522538, 0.22000000000000003, 7.0]",0.45505225743996724
"[0.42488284546133304, 0.0, 0.9162087417140871, 0.8900741823360698, 0.454311634521736, 0.4157644691023823, 0.8467299640893209, 0.8097814774057763, 0.37241055110313714, 0.2, 4.0, 0.6360524582528212, 0.7877885352578566, 0.4734618441102969, 1.0, 2.0, 0.6876116922885691, 1.1561225332552614, 0.6394955030654692, 0.79044, 0.6625214248023727, 0.22000000000000003, 7.0]",0.627994648499168
"[0.6160818731257993, 0.5, 0.6008686131286801, 0.8302640866366777, 0.4235476892295158, 0.08414237279261225, 0.43366699453598195, 0.714827796007342, 0.4617714955095674, 0.75, 3.0, 0.3210184043147498, 0.509680590432117, 0.5166996079452099, 1.0, 0.0, 0.7513662898954092, 1.0486670606970125, 0.5385675262346854, 0.4178, 0.6849987828839316, 0.22000000000000003, 7.0]",0.42022169034995027
"[0.48209714313933205, 1.0, 0.9147986870666639, 0.34518616002607716, 0.6990037536936862, 0.03673567976345675, 0.5306708259074523, 1.0105985637504036, 0.5764945879020974, 0.6, 7.0, 0.5851004251373302, 0.92486513232754, 0.5644961105405645, 2.0, 2.0, 0.6935209077911341, 0.6831761739681108, 0.7115642698588254, 0.42584, 0.3759799179335269, 0.22000000000000003, 8.0]",0.6481200982548743
"[0.8536224498415038, 0.0, 0.4832608404752269, 0.8585926829489949, 0.10995241072019404, 0.020713761105270487, 0.3780153844761961, 0.8789417656120829, 0.23397843666852025, 0.5, 4.0, 0.4616817813308181, 0.9933096518863622, 0.4683880684653482, 1.0, 2.0, 0.6292365181390012, 0.6050744932838648, 0.8522963727850481, 0.68292, 0.5683269342745848, 0.22000000000000003, 6.0]",0.6779779793197339
"[0.44520196199756834, 0.5, 0.058238995205301514, 0.4456043905899263, 0.7308013987023185, 0.3244404434570681, 0.35621362280863483, 1.1072822870955328, 0.28273120827984055, 0.7, 6.0, 0.4725679976023545, 0.9606778375523517, 0.2613192242047862, 2.0, 2.0, 0.31404752252536694, 0.657592418736238, 0.50167172791442, 0.5032, 0.8744708547109408, 0.22000000000000003, 6.0]",0.730964005828257
"[0.611827253992524, 1.0, 0.12767547039983296, 0.7073834300851725, 0.19803839409603174, 0.5907752270219582, 0.8170404902460655, 1.232871839936767, 0.47698623676359764, 0.7, 3.0, 0.633531849263118, 0.639035400810883, 0.8341134509965155, 0.0, 1.0, 0.6726883886927472, 0.647846689829199, 0.4584102355364666, 0.90572, 0.4398507104377678, 0.22000000000000003, 8.0]",0.474337740981822
"[0.5727092303251067, 0.0, 0.8382562985842152, 0.9055170472147187, 0.7714585167994042, 0.49152786665419984, 0.5213968098674253, 0.8118553531273864, 0.2648183546096893, 0.3, 7.0, 0.5417068117003969, 0.9909165362113986, 0.406560900668997, 1.0, 1.0, 0.5438799406587129, 1.1262481599012113, 0.8700181092579813, 0.76168, 0.3275503621157698, 0.22000000000000003, 8.0]",0.6090754464423488
"[0.7821601782644215, 0.0, 0.17440508414281275, 0.9684896415970179, 0.07807940509981073, 0.2371402029128167, 0.7869206413810961, 1.1611788346720628, 0.5437683040740545, 0.7, 5.0, 0.6114207861615463, 0.8612818963085438, 0.4712116610930662, 0.0, 2.0, 0.4657617897872602, 0.9083288294334251, 0.8205333703526189, 0.4076, 0.8108104624710541, 0.22000000000000003, 7.0]",0.45236478016962667
"[0.510268560641614, 1.0, 0.972983140136022, 0.5489165936042848, 0.49400559756527107, 0.5052666829216883, 0.3641168395123008, 1.0769532090268334, 0.32176986405405217, 0.15, 7.0, 0.39278115284453563, 0.8124816869672717, 0.5580884601987502, 2.0, 1.0, 0.26465793764791684, 0.6358319603199893, 0.648482349107841, 0.75452, 0.509410831385432, 0.22000000000000003, 7.0]",0.7521164558227277
"[0.15442500260290518, 0.5, 0.7167175740874654, 0.21571960632406198, 0.3609941167550039, 0.6809910374331496, 0.34421554219659184, 0.7243685638979862, 0.6737903943806851, 0.45, 7.0, 0.22508634364021854, 0.6466466262029241, 0.5967409124555946, 3.0, 2.0, 0.31665879079751097, 1.0867545927482247, 0.6816073579393149, 0.5984, 0.4467040233737322, 0.22000000000000003, 7.0]",0.6765641518415261
"[0.526929684304715, 1.0, 0.6726456416821727, 0.23491941503678798, 0.657581664172679, 0.3066220947354795, 0.5333241035413436, 1.0262522061934027, 0.607099729264598, 0.35, 6.0, 0.35243299024416697, 0.9065386461686882, 0.35803510046968423, 0.0, 3.0, 0.5748828724442296, 0.9913479349419438, 0.6527992194970504, 0.87044, 0.7628057956865464, 0.22000000000000003, 6.0]",0.33686964266147656
"[0.6045421738738515, 0.0, 0.929736829140992, 0.42075946528027625, 0.18653273205675536, 0.3732703386834908, 0.5605261341779478, 1.299410087009468, 0.31931117043282947, 0.75, 5.0, 0.6016988856977117, 0.9151594980925521, 0.4459739348146531, 2.0, 2.0, 0.7307860227310854, 0.8139405884095, 0.8231605752313493, 0.7764, 0.8982440795996234, 0.22000000000000003, 6.0]",0.6375044028779115
"[0.6884235978212885, 1.0, 0.19951840587507874, 0.6251376479323901, 0.6648928029486947, 0.47885821556445707, 0.5239385330795583, 1.1532348757353694, 0.6137786212149344, 0.95, 4.0, 0.3242159084794378, 0.8609962617321363, 0.29417985152607506, 1.0, 1.0, 0.49015073334655157, 0.6215225423948119, 0.48814713908735324, 0.48976, 0.3733940469315597, 0.22000000000000003, 6.0]",0.7779248757860945
"[0.3427976311238671, 0.5, 0.21256484503172757, 0.7614305442607696, 0.6075234849960158, 0.5050839195786465, 0.415124447715517, 1.0315159000874514, 0.7755967627046065, 0.65, 5.0, 0.63586095450263, 0.9803425928379369, 0.35674426831823, 0.0, 1.0, 0.6275051309122064, 1.0862996754749894, 0.7137256364538759, 0.59304, 0.39511662595481073, 0.22000000000000003, 6.0]",0.4621198996726352
"[0.6326648914391343, 1.0, 0.2918588155846491, 0.3157352938646712, 0.318193565492654, 0.6901780124442545, 0.8889527745141705, 1.2793247173221585, 0.46054966216549686, 0.7, 5.0, 0.5203972469673517, 0.9763696467693963, 0.48554205357777114, 1.0, 0.0, 0.5213587578703884, 0.8567066053048185, 0.7664609450481856, 0.4682, 0.7301561067016903, 0.22000000000000003, 7.0]",0.4557982651909244
"[0.7326629361700504, 0.0, 0.3814625834449541, 0.24924491492307058, 0.09058780503226416, 0.558433183999143, 0.32706686525564244, 1.1493461108317202, 0.4957045244923679, 0.95, 6.0, 0.4504775737945527, 0.5664335740545464, 0.46079612241118934, 0.0, 3.0, 0.24970949459575675, 0.9579806781858915, 0.5709828237063679, 0.79868, 0.41237916769118665, 0.22000000000000003, 8.0]",0.5334463426038848
"[0.19373448035028895, 0.5, 0.4329602140822951, 0.9869733022115093, 0.2444161557217499, 0.09269913825467212, 0.7543923281859655, 0.936102946859713, 0.2171720345332474, 0.4, 5.0, 0.2887529308226261, 0.8410904212840397, 0.637540562981178, 0.0, 0.0, 0.65004104020894, 0.8766393090626707, 0.6755502390575678, 0.67064, 0.6796730858817105, 0.22000000000000003, 6.0]",0.4644755321944166
"[0.3086337991131214, 0.5, 0.30565869856691497, 0.9663383106183303, 0.5029114537264626, 0.5737428924748254, 0.8863741321785346, 1.0876884035208, 0.5473435154566858, 0.75, 6.0, 0.23208821322139492, 0.5496716324459081, 0.637660072092363, 1.0, 0.0, 0.6815891000937856, 0.946186761726185, 0.4159346433442908, 0.42784, 0.48021277656400163, 0.22000000000000003, 8.0]",0.4708649670646648
"[0.31842817432111714, 0.0, 0.5419005557551442, 0.768785820077649, 0.7094804626158192, 0.3919834806209806, 0.5587292530520683, 1.0531841389993577, 0.7034314645841904, 0.55, 4.0, 0.5163389177773907, 0.9652759013888224, 0.4520437410834907, 0.0, 2.0, 0.2704524626745388, 0.9992726344085412, 0.6670731051280663, 0.45304, 0.39877028450323415, 0.22000000000000003, 8.0]",0.5553100758038256
"[0.5710096129207255, 0.0, 0.27700943235771414, 0.5184409875758871, 0.45976815849797803, 0.5168560649586825, 0.8246085957935332, 1.1086675237800465, 0.7734958409035027, 0.8, 7.0, 0.4513382931747877, 0.7025202058081673, 0.4333744754477797, 0.0, 3.0, 0.627679241254272, 0.8555235125775925, 0.7906312289076087, 0.535, 0.8227300296978945, 0.22000000000000003, 7.0]",0.40842651927255796
"[0.37864928730902514, 0.5, 0.47892546585837537, 0.400083205521913, 0.02193596655573087, 0.5355299208649925, 0.8754070780667778, 1.1275798532270618, 0.6940417103572711, 0.9, 5.0, 0.5625032185591303, 0.9622980719566412, 0.6196593606065316, 0.0, 3.0, 0.6179163643644564, 0.9498683416628053, 0.4630667714411102, 0.55836, 0.5960691162083831, 0.22000000000000003, 7.0]",0.4773220230800616
"[0.5880304854132895, 0.5, 0.03848040337675751, 0.5601979359811377, 0.4587195793560261, 0.10030662415681064, 0.3609202064085297, 1.0072558935320561, 0.7145559863884188, 0.7, 6.0, 0.3854232302387725, 0.7487178807527447, 0.585960081628801, 1.0, 3.0, 0.3148910353582409, 0.6229408116871191, 0.451847951308487, 0.77156, 0.4743434127408471, 0.22000000000000003, 7.0]",0.823830933998217
"[0.34616144007218025, 1.0, 0.714357455690384, 0.8876216178248468, 0.09203125901203331, 0.6738567718187625, 0.5943383889174512, 0.8508486842923668, 0.695418993018105, 0.2, 6.0, 0.40015807482627447, 0.9814709566103149, 0.31714623962311, 1.0, 2.0, 0.3186215889251568, 0.8143406732330888, 0.643650667782932, 0.66384, 0.4303330367697382, 0.22000000000000003, 7.0]",0.7912867611521887
"[0.4554893967862541, 1.0, 0.562245813037031, 0.43264623773771194, 0.015566110318571448, 0.3768140131084658, 0.6905287751399855, 0.8641998181413589, 0.6505708238354868, 0.95, 6.0, 0.46854650755160016, 0.9933114262308752, 0.40451978634290975, 2.0, 0.0, 0.4802715789533523, 1.1765222164722973, 0.8532924811699278, 0.411, 0.8810039475797389, 0.22000000000000003, 7.0]",0.43342739461831137
"[0.2269682940796007, 0.5, 0.1363005034381446, 0.6706382461089141, 0.3393548445377834, 0.5116193420141, 0.7091362936336252, 0.9427105936184564, 0.3649392281442254, 0.3, 7.0, 0.44945139631674647, 0.9390033775449468, 0.6042113590660926, 2.0, 1.0, 0.3837503062205654, 0.667199136954095, 0.7411837355959257, 0.72028, 0.3146335382027161, 0.22000000000000003, 8.0]",0.7448695721392466
"[0.30391385970620244, 1.0, 0.4164432793325141, 0.46274554821239494, 0.37223171601764604, 0.5323932341585488, 0.7556678741728279, 1.2283184784864005, 0.5653908071042658, 0.5, 4.0, 0.4825940240555755, 0.8922318284220937, 0.5683560022739922, 0.0, 0.0, 0.5380105188686588, 0.9857373692558828, 0.5001643204419624, 0.83148, 0.47176073608117086, 0.22000000000000003, 7.0]",0.4589064446173426
"[0.47535993391206366, 0.0, 0.9647844308928966, 0.9435088353265668, 0.14240894873125082, 0.14076876620904255, 0.6697463602382517, 0.9357396295701041, 0.7071704752723771, 0.7, 4.0, 0.35114732732606635, 0.644569393206091, 0.5546313083244678, 1.0, 2.0, 0.5756372562282046, 1.0715170835127354, 0.4679824181176686, 0.89184, 0.38639514379837137, 0.22000000000000003, 6.0]",0.6722001862988292
"[0.7310688160061153, 1.0, 0.973786840992641, 0.505626898133723, 0.07076387160323643, 0.3428851030647843, 0.64501681065835, 1.161424764388743, 0.46129159207028536, 0.95, 5.0, 0.46621620623445514, 0.8369781079324148, 0.5850386324894344, 2.0, 1.0, 0.5423322027164487, 0.7311146044320578, 0.8111665667791857, 0.62108, 0.6032813269714675, 0.22000000000000003, 6.0]",0.6632897789777317
"[0.5411800057368583, 0.0, 0.05517613528548726, 0.7382991299552628, 0.5702454256976096, 0.47432521370542124, 0.417988721998695, 0.9679347770146798, 0.25297239787786596, 0.35, 3.0, 0.5860280879357175, 0.6964411155229563, 0.7833774597936997, 0.0, 0.0, 0.7402761017639736, 0.683207314145312, 0.4932832038940174, 0.71952, 0.7131514518964959, 0.22000000000000003, 8.0]",0.45186122232929166
"[0.3722373940728806, 0.0, 0.5258651774071326, 0.6141051291768524, 0.7302583733339998, 0.2579905978189877, 0.6882835014895327, 0.9528731025595929, 0.3252180876362566, 0.25, 6.0, 0.4917121004170604, 0.8978289693848451, 0.43218086066157363, 1.0, 4.0, 0.7390521049353624, 0.735068012736701, 0.8013236784107647, 0.47504, 0.7721510161257277, 0.22000000000000003, 8.0]",0.6325808251601293
"[0.6000983356017688, 1.0, 0.12600567378378402, 0.7602970801101476, 0.6893049220841668, 0.23122920842889327, 0.5201091884795082, 1.2990550804888756, 0.22165649385381483, 0.8, 4.0, 0.6167572516448752, 0.8959318662166722, 0.5861664361804639, 1.0, 2.0, 0.5730193524366863, 1.0091690597024736, 0.5353455180977489, 0.86836, 0.3287100126182349, 0.22000000000000003, 7.0]",0.6466688168694703
"[0.48287898272025787, 0.5, 0.4712557638084226, 0.5636998565272009, 0.2742088406101001, 0.04047414098972711, 0.8091633341676334, 1.0614859401445549, 0.5601405685797136, 0.3, 7.0, 0.6106913318563618, 0.9663996030920394, 0.289275037603621, 3.0, 2.0, 0.26714408391623296, 0.9751944030383098, 0.43452889463060723, 0.69728, 0.3810190966633664, 0.22000000000000003, 8.0]",0.7292006043236382
"[0.5334361920727119, 1.0, 0.7732008005827256, 0.7478395035586787, 0.27237490337501713, 0.6800744818885273, 0.3292289225699584, 1.2306020178643269, 0.34649743645367154, 0.65, 4.0, 0.6394882282053794, 0.9947138520431124, 0.48462818723336765, 0.0, 2.0, 0.555857028071405, 0.8838338430608976, 0.43995395161031126, 0.4734, 0.37526508359023325, 0.22000000000000003, 6.0]",0.4969364249394097
"[0.8660202360012416, 0.5, 0.7369971144791774, 0.4538336743131901, 0.6759977524550695, 0.31475695417933136, 0.7868842951228749, 1.1513435615249246, 0.2984083001158595, 0.7, 5.0, 0.5118505058073411, 0.9140188843140299, 0.334088433534997, 1.0, 2.0, 0.4137854341240276, 0.6705263931161035, 0.8479633700173823, 0.94184, 0.6851814016630692, 0.22000000000000003, 6.0]",0.6795004593006553
"[0.296876752310552, 1.0, 0.06631120561601933, 0.2445126987075965, 0.48363997854097784, 0.24497113276781687, 0.3169620622239041, 0.7641278719178752, 0.7202503157248408, 0.45, 4.0, 0.504729711436784, 0.6469340711684337, 0.3669633783725818, 2.0, 1.0, 0.6797174911859971, 0.7075319589243705, 0.6923482263507673, 0.96992, 0.5592551386939144, 0.22000000000000003, 8.0]",0.5802044706235445
"[0.8883764863454998, 1.0, 0.11733108208837495, 0.8791614672273325, 0.7526533958888664, 0.32456143443691066, 0.8812377342683178, 1.2732269608790436, 0.729657860766473, 0.4, 3.0, 0.5267534948266375, 0.6807300055959098, 0.5161489776988842, 1.0, 1.0, 0.2214669878104588, 1.0478235005640724, 0.7240368663143919, 0.80464, 0.533163033007138, 0.22000000000000003, 6.0]",0.6223026366516082
"[0.7633957032356815, 0.0, 0.4075896375439889, 0.7051422228515043, 0.7790127817108318, 0.46306566538861, 0.44248889829924976, 0.9748838921718199, 0.6947927420147836, 0.75, 5.0, 0.715732560900937, 0.9784208467015503, 0.4761412042430934, 0.0, 1.0, 0.3272753515045723, 0.8722964408546563, 0.45649936654525786, 0.54548, 0.6146960142393172, 0.22000000000000003, 7.0]",0.5718113858237079
"[0.8493522759440366, 1.0, 0.8844959730672315, 0.27511192347126345, 0.1735607072858601, 0.4179737359593765, 0.30824076211439494, 0.7911789932268326, 0.39199599743627755, 0.7, 7.0, 0.38740043825236514, 0.8192575777792442, 0.7120150358911234, 0.0, 2.0, 0.40985526316186544, 1.1242108752558475, 0.41470140128512406, 0.77924, 0.6558165446312622, 0.22000000000000003, 7.0]",0.4702809117076226
"[0.48767256692913463, 0.5, 0.6888659430631283, 0.6431777406905407, 0.1435264327739784, 0.367350521391908, 0.36964292522212266, 1.0861004954290778, 0.3527372901188298, 0.8, 7.0, 0.33366262590739354, 0.5555526254952216, 0.4622369299860775, 1.0, 2.0, 0.2498412556190536, 0.7641122590557714, 0.8165103836542313, 0.9126, 0.811337945573877, 0.22000000000000003, 8.0]",0.6427419788000757
"[0.6772639108931211, 0.5, 0.5484822528476866, 0.3182567260941796, 0.7640839565176374, 0.5681877478624283, 0.40146659763071285, 0.7878539398512013, 0.6454708654737709, 0.85, 3.0, 0.2997211172437079, 0.5361710160606717, 0.5861330617527797, 1.0, 1.0, 0.42185892387857726, 0.6721647526339589, 0.7916113211569462, 0.67424, 0.5790355198648187, 0.22000000000000003, 6.0]",0.7037550265769827
"[0.5496598596213785, 0.0, 0.7228390894015844, 0.653539889030447, 0.5004815215648444, 0.1328923348302032, 0.8214043735428471, 1.1967579381713027, 0.4000340775232406, 0.75, 7.0, 0.506257805115462, 0.9326326851817992, 0.363671063273813, 1.0, 1.0, 0.37197066417505165, 1.0180934936939192, 0.8822298591233466, 0.83556, 0.8231525984382084, 0.22000000000000003, 7.0]",0.5943254079995708
"[0.19296062633980268, 0.5, 0.7165948324206713, 0.5722928747414675, 0.6266930829095322, 0.3398678597758138, 0.35558888167282177, 0.8618885318651974, 0.7138378785882642, 0.25, 5.0, 0.4063250299465496, 0.9967013409734249, 0.44750255971468367, 4.0, 0.0, 0.6718723258328987, 1.0404128501004002, 0.8193022433798056, 0.82212, 0.8904173575844447, 0.22000000000000003, 6.0]",0.451842416063763
"[0.20595255721095784, 0.5, 0.2114288903556958, 0.5478860204414492, 0.33115781814021084, 0.6497456110316789, 0.5875191198007477, 1.0167908529991165, 0.6579860158568653, 0.9, 7.0, 0.5052523349576026, 0.9103727020909249, 0.5312331018400144, 0.0, 1.0, 0.3295756964588074, 0.9518202469964749, 0.8927785526710268, 0.70888, 0.6301648048224682, 0.22000000000000003, 7.0]",0.42887985433943554
"[0.2875921010628928, 0.0, 0.3691680268999369, 0.3734626209613661, 0.4835315427597924, 0.5362776615307023, 0.6050292088629782, 0.9306864744248282, 0.5781694590586636, 0.6, 6.0, 0.6922865027106893, 0.9875101915322774, 0.29435308222269185, 1.0, 1.0, 0.4739901775583689, 1.1589014247900433, 0.5811630373562486, 0.5442, 0.8178702552466206, 0.22000000000000003, 7.0]",0.6327835770527207
"[0.6536073396953486, 0.0, 0.07387181231153361, 0.7014739962396275, 0.16185925252245587, 0.0025863443261278205, 0.3036346325637727, 1.2264974579787036, 0.5486050848485957, 0.6, 3.0, 0.6792797764818569, 0.813598865443583, 0.5228091208666665, 1.0, 1.0, 0.6571809935374424, 1.16077955481436, 0.7012537370490702, 0.95036, 0.3177424447207279, 0.22000000000000003, 6.0]",0.5943955885692686
"[0.38781498202403686, 1.0, 0.4009411547654639, 0.5456399812449787, 0.4292357912844622, 0.684804438279061, 0.7660777912906217, 1.0841474737263013, 0.48315288894160796, 0.4, 3.0, 0.5021202452680008, 0.8076130746169922, 0.46840393632415683, 0.0, 0.0, 0.27320939292303953, 1.0439375028239333, 0.7454365648352501, 0.57288, 0.4811476040805093, 0.22000000000000003, 8.0]",0.4473633966688501
"[0.8801224485647928, 1.0, 0.5190484679375665, 0.5724357799565329, 0.21344851000864573, 0.17608789122982715, 0.3246174418198574, 0.8138943075216615, 0.40347850276884495, 0.4, 4.0, 0.7376529886749489, 0.9157778512670472, 0.6611756894640655, 2.0, 0.0, 0.2693523711541641, 0.8546073261388636, 0.6194563544636739, 0.84304, 0.7939428970643321, 0.22000000000000003, 7.0]",0.5380092894784814
"[0.6266597786456767, 1.0, 0.33757359231651174, 0.9295789924452165, 0.15628675043502396, 0.23137720238377552, 0.8705897163444403, 1.0346604029259912, 0.7289043978673049, 0.2, 4.0, 0.4860228172305979, 0.7273055533575757, 0.43426081483640605, 0.0, 0.0, 0.30847094862120794, 0.9474384761481554, 0.8794734386221978, 0.80408, 0.896538381003082, 0.22000000000000003, 6.0]",0.4477059432429187
"[0.6187975219792479, 0.5, 0.15035470665850403, 0.5464222400555532, 0.5910154984235171, 0.4705667005043878, 0.5437863317187689, 0.9786559349129182, 0.40530211368872515, 0.7, 5.0, 0.6543652118164803, 0.9575398962518351, 0.3647805818932861, 3.0, 0.0, 0.6231727061036394, 0.6210048238553784, 0.7303674920743368, 0.78644, 0.5964795675753976, 0.22000000000000003, 6.0]",0.5091026360145459
"[0.18014587796160866, 0.5, 0.8883050034188666, 0.9080825113845008, 0.1118022112518454, 0.23379779836004463, 0.7419908492196883, 1.1478250148090365, 0.4268668562350647, 0.6, 4.0, 0.20954917922287025, 0.5062098342814798, 0.32139835228558233, 1.0, 0.0, 0.7685777927505713, 0.9054572263489105, 0.6004652813165812, 0.98356, 0.36330253762024295, 0.22000000000000003, 8.0]",0.45223034279433316
"[0.6928550524866819, 0.5, 0.831851022648455, 0.7333347761557263, 0.023302236136580223, 0.35215789955947374, 0.8513670670814517, 1.2519730768549087, 0.7276042007543433, 0.55, 4.0, 0.24340221918350077, 0.3925382204737423, 0.7313738738670434, 1.0, 3.0, 0.508453213387317, 0.6639764789300523, 0.8635691646461094, 0.69416, 0.4183935494298485, 0.22000000000000003, 8.0]",0.6634116911983058
"[0.42135762965056656, 0.5, 0.5222604993431992, 0.28650435819693376, 0.3101517908735941, 0.6258135843367193, 0.4194207785559093, 0.7689722371282186, 0.22769661877165004, 0.9, 3.0, 0.695153421129762, 0.950732674199653, 0.4043375008622472, 0.0, 1.0, 0.43580073121467366, 0.7428278963019865, 0.6468496801862416, 0.66464, 0.4017944486919228, 0.22000000000000003, 8.0]",0.5577980075351431
"[0.4126548689028825, 0.0, 0.08436741676456838, 0.7541825350853748, 0.5055867473040777, 0.2836280109533786, 0.7793546874362564, 1.0948158619632173, 0.6814009208937672, 0.95, 4.0, 0.6328460185205627, 0.9668519738574068, 0.2378738893593566, 0.0, 0.0, 0.3116359245520922, 1.104348697662735, 0.7570844442014959, 0.6116, 0.8594573159386141, 0.22000000000000003, 8.0]",0.44308023438397703
"[0.40585485111356834, 0.5, 0.06263874637635902, 0.6201247088638199, 0.2810757923817282, 0.384906133619937, 0.5705294901735143, 0.9373885543133732, 0.35911127662709175, 0.6, 3.0, 0.4864780036863278, 0.8721263886866645, 0.6487739937024052, 1.0, 1.0, 0.6861302496688382, 1.161397103928019, 0.7411257354074468, 0.65348, 0.34930688790810577, 0.22000000000000003, 8.0]",0.5980056136793183
"[0.18758349272359987, 1.0, 0.37328634571445407, 0.7338489860243811, 0.7516443438668455, 0.1039168361919024, 0.4342646039657103, 1.123071883649202, 0.4515328012426417, 0.65, 7.0, 0.5107282701185341, 0.8123697010151473, 0.56969896268157, 1.0, 1.0, 0.6253478546966031, 1.1778855933806711, 0.5834993693021678, 0.97084, 0.49332919903978145, 0.22000000000000003, 6.0]",0.5967756022283576
"[0.8381569190833614, 1.0, 0.7727868357468421, 0.3373391965155641, 0.5252378003142103, 0.573570457016051, 0.7783862007656042, 1.2794268279336989, 0.6472827575786837, 0.7, 6.0, 0.6599576758812529, 0.9328581901257588, 0.5409863966988788, 1.0, 2.0, 0.4260845996201213, 0.7906535125140755, 0.6354054190784211, 0.93196, 0.4235008906300062, 0.22000000000000003, 6.0]",0.6796673492224137
"[0.22786699682564493, 0.0, 0.35326491264865867, 0.6524669675398931, 0.7046575535176967, 0.3676973995209298, 0.40237928566970715, 1.1739571548701864, 0.37194851234362986, 0.55, 4.0, 0.4036282140455806, 0.6686784489169887, 0.5993350632839847, 0.0, 4.0, 0.27623235797783435, 0.9026461899552157, 0.7870192383039578, 0.79096, 0.3212542903171228, 0.22000000000000003, 7.0]",0.5077918591425459
"[0.8470613050239625, 0.0, 0.2990376455728013, 0.38399677074695265, 0.6940347184597325, 0.5152273881962766, 0.4531189571887454, 0.8737241411099811, 0.3308048416120799, 0.7, 6.0, 0.467370282806946, 0.8257461999627675, 0.3758130581387775, 1.0, 0.0, 0.26334730428086, 0.6414420799289949, 0.44487312368161586, 0.97472, 0.3418942633075025, 0.22000000000000003, 6.0]",0.653072037069819
"[0.511332742428284, 0.0, 0.608112335729372, 0.2649067056650174, 0.5011144780960305, 0.18200292778745994, 0.8539439865444156, 0.8896066837963207, 0.7834337851084989, 0.9, 6.0, 0.35847702315786584, 0.8120680414056254, 0.5169753110872551, 1.0, 2.0, 0.3528842511264924, 1.1774292236612998, 0.45371037215404386, 0.47784, 0.5554343235128197, 0.22000000000000003, 6.0]",0.6768373674297595
"[0.6111248561995467, 0.5, 0.14173022937870683, 0.22936203909831374, 0.46097092270458734, 0.2829241839239847, 0.7434308029060054, 1.2138233952869624, 0.3844729499385381, 0.3, 5.0, 0.5579305167696058, 0.9316777958689715, 0.4761398378041298, 2.0, 1.0, 0.43203610381397467, 0.7396036162432656, 0.5829991365223169, 0.69052, 0.5631908460218399, 0.22000000000000003, 6.0]",0.711047268046231
"[0.7408805921297533, 1.0, 0.977827320714611, 0.8758104152738364, 0.255116229601226, 0.3324564918313636, 0.5694674969159212, 0.8417867021368227, 0.7493857349377455, 0.75, 7.0, 0.2892400724416849, 0.5647124038634973, 0.45881702166361693, 0.0, 3.0, 0.7322053351518336, 0.842539955047157, 0.7756652343624857, 0.76144, 0.31239426759513894, 0.22000000000000003, 8.0]",0.4417227507268195
"[0.8627012826255469, 1.0, 0.28846840299556964, 0.980875426838187, 0.7433302398446271, 0.05182092894642195, 0.6253134568758683, 1.1597460000593174, 0.2058387758876307, 0.6, 7.0, 0.5526169077732503, 0.986297209234049, 0.42547913487785877, 1.0, 0.0, 0.5354774260888382, 0.8340912767168523, 0.8275121998021543, 0.87568, 0.4252147665654563, 0.22000000000000003, 8.0]",0.42902241564417204
"[0.7509006795746523, 0.0, 0.5216969989796423, 0.742857139580219, 0.03882010612471359, 0.446061875539256, 0.676161703746522, 1.1367858227602348, 0.6947498631637907, 0.3, 6.0, 0.6022066767311512, 0.9901321337481961, 0.7695208133294679, 1.0, 1.0, 0.7444334690610415, 0.9896726766548982, 0.43259844290001764, 0.42616, 0.7239424453241368, 0.22000000000000003, 8.0]",0.6299566711919028
"[0.3822615987766561, 0.5, 0.3547664380188704, 0.29580858024435736, 0.0069342661735325, 0.23680621520450928, 0.7276958442485266, 1.2730490864479251, 0.29374370668865823, 0.85, 5.0, 0.28468683368582987, 0.5133239775469162, 0.5927128432179127, 3.0, 1.0, 0.2551177352637071, 0.6733394056928895, 0.8359834418018373, 0.73776, 0.8662123701463824, 0.22000000000000003, 6.0]",0.6769145230596603
"[0.8183125176156332, 1.0, 0.6471147629988817, 0.6804439828806401, 0.1838569403807947, 0.08926445475455273, 0.6829624544515791, 0.7270563671389643, 0.4439914411661996, 0.25, 7.0, 0.5427206907841527, 0.9635265793472174, 0.5814160162520057, 1.0, 2.0, 0.31766347375935894, 0.8699290131900221, 0.7853028765554271, 0.59684, 0.5197797726846567, 0.22000000000000003, 6.0]",0.706556638227663
"[0.7430882466256289, 1.0, 0.5840654963994653, 0.3860407185198895, 0.5228384822155959, 0.6822957670386258, 0.3460570146265294, 0.9758626802878381, 0.4359546759139239, 0.9, 3.0, 0.40070376290135973, 0.6843117934681292, 0.544823643499058, 1.0, 1.0, 0.4507577504326207, 1.1371630665147279, 0.7018702252794368, 0.78688, 0.5724643952227866, 0.22000000000000003, 6.0]",0.606582872702161
"[0.8105905218908485, 0.5, 0.21469077929712344, 0.5750653392004685, 0.44477564653336554, 0.5030016567161535, 0.5141179127897477, 0.8382377839143915, 0.5049360584151505, 0.75, 3.0, 0.6840798290863587, 0.8311430410979103, 0.4442469799566274, 1.0, 2.0, 0.7605373520982543, 1.0980325404135212, 0.873357296387671, 0.54464, 0.5031442753877218, 0.22000000000000003, 7.0]",0.6001524448263988
"[0.3808033391760849, 0.5, 0.38311067957154255, 0.42303836395421457, 0.024118919544128037, 0.3652291083097985, 0.5386072993553331, 1.0919849092377787, 0.4680808090636475, 0.75, 6.0, 0.42678378269792167, 0.8370668282800016, 0.5656930672646515, 1.0, 1.0, 0.22794671213383555, 0.6351713715110389, 0.5919625303802207, 0.46352, 0.3139982330375067, 0.22000000000000003, 8.0]",0.8251371968849546
"[0.596506418519606, 0.5, 0.5076386558575254, 0.8281839298060432, 0.4827635900087418, 0.13903735848038726, 0.5854590153169419, 0.9986337575814168, 0.7772853484061646, 0.45, 6.0, 0.18562747092400478, 0.5941263416034385, 0.39838491064785614, 2.0, 4.0, 0.4851670645907837, 1.1198111881538955, 0.7736165487148408, 0.87012, 0.3836469242507581, 0.22000000000000003, 7.0]",0.6399306921000779
"[0.668500928446192, 0.0, 0.7191164964658349, 0.9538051621926031, 0.5286042515328264, 0.60263630261189, 0.5538637958607774, 1.2426737911186798, 0.2669629524908228, 0.35, 7.0, 0.3558618155378782, 0.974038664193081, 0.6044099370958299, 1.0, 2.0, 0.6257305056826477, 1.0722192032419544, 0.8836342607370145, 0.81372, 0.5104554854533998, 0.22000000000000003, 7.0]",0.5911491405417733
"[0.2864995915517926, 1.0, 0.8026574471108358, 0.7716981024863816, 0.3107104124261277, 0.6594906506556182, 0.8011291972020336, 0.7871231178606679, 0.342277543633988, 0.65, 3.0, 0.6986112431590445, 0.8524882400669125, 0.5343453957731854, 1.0, 0.0, 0.3162372831471241, 0.8890885834919563, 0.8450292897170568, 0.5242, 0.5521405199644253, 0.22000000000000003, 7.0]",0.47540728360702084
"[0.7313762203687016, 1.0, 0.9455588468330712, 0.3088972668750649, 0.1322185056603411, 0.6954438227641474, 0.6005204533916743, 1.114410165995234, 0.6100847785284036, 0.5, 3.0, 0.5635297031793991, 0.9343368693562705, 0.7154511234775559, 0.0, 0.0, 0.598849751592874, 1.0295597906859537, 0.8595413940869014, 0.62684, 0.6568090019613024, 0.22000000000000003, 8.0]",0.40550349059895036
"[0.3336974589110977, 0.5, 0.17252357635627125, 0.5145197953340743, 0.7613008124075332, 0.01765787614456502, 0.7204879331492804, 0.9028631009498631, 0.6274939816178166, 0.75, 6.0, 0.4598033844008007, 0.8285352153522892, 0.4312515602881801, 1.0, 3.0, 0.3806789381983957, 0.6308325793837846, 0.7081650348158443, 0.80576, 0.7644158646803345, 0.22000000000000003, 8.0]",0.7265598712431616
"[0.8777011383511389, 0.0, 0.41953865146484837, 0.984711766445324, 0.28926288848614157, 0.2489884713031217, 0.7139175294666483, 1.1600421500256362, 0.7027001999243225, 0.9, 6.0, 0.5976005578589003, 0.8463556905925969, 0.5583139467898761, 1.0, 1.0, 0.576705062549882, 1.0842104880006747, 0.8631946008475126, 0.70788, 0.694154049314712, 0.22000000000000003, 7.0]",0.6222202861982365
"[0.432005492608701, 1.0, 0.4037586620891993, 0.7735584639986217, 0.11605326406140196, 0.597135595663674, 0.5624975657932005, 0.7427588121859612, 0.592273025645691, 0.85, 4.0, 0.12385668605500089, 0.24754403473988273, 0.29054091981445196, 1.0, 0.0, 0.6834220534812772, 0.6793321674713986, 0.7906618942482284, 0.72404, 0.690750583914777, 0.22000000000000003, 8.0]",0.5183153600480217
"[0.46622148257872587, 0.5, 0.37634247265226906, 0.3680019938250967, 0.3763166513930859, 0.5988271131341143, 0.8747613032791297, 1.013464190350554, 0.502261256560021, 0.45, 6.0, 0.408143886154299, 0.8330797898369214, 0.3562391107991371, 1.0, 2.0, 0.383512616733059, 0.986862663698087, 0.5322424680271512, 0.56964, 0.7662243672667666, 0.22000000000000003, 8.0]",0.6636598031444387
"[0.6382146484421545, 0.0, 0.7717079052106607, 0.7087622423909192, 0.4601132280179807, 0.015445469185413573, 0.5337912436315845, 1.293053467232641, 0.2149195379454321, 0.45, 7.0, 0.6651748769183798, 0.9987572311194048, 0.27370610449710225, 2.0, 1.0, 0.5606968880418651, 1.0793252943769895, 0.5887535004069591, 0.75044, 0.518928296066053, 0.22000000000000003, 8.0]",0.5987055954682412
"[0.37874465925220846, 1.0, 0.9288852439210441, 0.3636528816925482, 0.07668029677033364, 0.2498865464420061, 0.6248031469537485, 0.8102554226331079, 0.4930474149700024, 0.8, 6.0, 0.5935522518297025, 0.9740220947797438, 0.7386798811462536, 1.0, 1.0, 0.5066489737670424, 0.6792792987075746, 0.6947913841053068, 0.51376, 0.49522020608009854, 0.22000000000000003, 8.0]",0.7813060183706851
"[0.5602031665969339, 0.5, 0.7352905777016694, 0.9844137354232312, 0.3119127843107734, 0.206056463821469, 0.5597800284744392, 1.0792590053415774, 0.34359961837404907, 0.4, 3.0, 0.46232135259254226, 0.5988505720973613, 0.3939684454002806, 0.0, 2.0, 0.723730276807864, 1.03245345643599, 0.8648940383136694, 0.6534, 0.4323745216223851, 0.22000000000000003, 8.0]",0.4060399750183712
"[0.10315591319732889, 0.0, 0.18465358733633563, 0.39950339486854825, 0.4825993899388614, 0.4285894093147505, 0.8418714408240635, 0.8362047062876921, 0.6361360232146591, 0.8, 5.0, 0.2129861681269504, 0.37415139987419666, 0.67954856318843, 1.0, 3.0, 0.34803596673890774, 1.1205102733420942, 0.5165724847916, 0.90028, 0.7345309760781651, 0.22000000000000003, 6.0]",0.6804737736071911
"[0.22645941713944684, 1.0, 0.09356217961128399, 0.9891313936682071, 0.3143931897497084, 0.24773838552817407, 0.3443319542443569, 0.9570411718373422, 0.7064355887282301, 0.6, 7.0, 0.47698088821836565, 0.9025792257052156, 0.3217302317000703, 2.0, 1.0, 0.513092602293213, 1.170028324802049, 0.828696162002425, 0.4628, 0.49916127218660156, 0.22000000000000003, 6.0]",0.5976608040074707
"[0.7577771457829982, 0.0, 0.0001687558961670499, 0.72310365254338, 0.5514939916823164, 0.659819400060015, 0.7705214478890838, 1.0559020925492373, 0.6065822661684643, 0.95, 3.0, 0.44804796867823365, 0.7017841035240459, 0.7887625650279088, 0.0, 2.0, 0.760978979968193, 0.9082629971166216, 0.7868944388401495, 0.80808, 0.881730027157827, 0.22000000000000003, 8.0]",0.4040859520547667
"[0.8446539019736464, 0.0, 0.6416115039801441, 0.9512671612583885, 0.7211252308681787, 0.3819168175287004, 0.5384735688222646, 1.2841318231365892, 0.37025543736897487, 0.7, 6.0, 0.40428964273323803, 0.8740938573567719, 0.5220719419591761, 0.0, 0.0, 0.38952534584075427, 1.0001936175083015, 0.7745850761691835, 0.66444, 0.6680249786608216, 0.22000000000000003, 8.0]",0.4437998977896096
"[0.5968109030846721, 0.5, 0.14527715492256077, 0.8615179185423687, 0.3323726661616371, 0.5824283508416626, 0.5457992513782173, 0.7178869684259896, 0.7186649417212538, 0.6, 4.0, 0.7487565699237146, 0.9035600766206415, 0.4817548449921044, 0.0, 3.0, 0.6129917439440116, 0.6667954324791606, 0.5643365342795401, 0.88192, 0.5356702613264255, 0.22000000000000003, 6.0]",0.5656133716526929
"[0.5573888589385739, 0.5, 0.590613689179397, 0.39815901155556266, 0.7502555535526878, 0.2942082377215606, 0.7040529407835266, 1.114487361465601, 0.7445992228040172, 0.55, 3.0, 0.4818665255607246, 0.7514995793875192, 0.5350952846183136, 0.0, 1.0, 0.4026020864301426, 0.6455950288148167, 0.896387498469591, 0.82412, 0.36705264816623195, 0.22000000000000003, 6.0]",0.48885009406138347
"[0.356938085664129, 1.0, 0.8177219320802773, 0.4821597878078187, 0.20300001750307983, 0.06392674209461627, 0.7358265495357732, 1.2620362807815928, 0.6012147648169769, 0.7, 5.0, 0.40329560490485716, 0.7593254174520371, 0.6545364566325418, 4.0, 1.0, 0.3697984336364951, 1.0314658798175698, 0.47873074505032365, 0.9872, 0.6596335788219931, 0.22000000000000003, 8.0]",0.6687575273157785
"[0.6700176335197453, 0.0, 0.345751393837576, 0.5388427005821874, 0.2380769369043172, 0.5836132711946674, 0.85483323659588, 0.865846077997638, 0.48025905102278155, 0.75, 7.0, 0.7337767650494152, 0.9598125751295592, 0.4510477297876721, 1.0, 1.0, 0.6235667448054747, 0.9609260849882266, 0.5704068766059489, 0.44768, 0.5939048758278516, 0.22000000000000003, 6.0]",0.6244693203789334
"[0.6061546241009103, 0.0, 0.5103255577007939, 0.30041553044269564, 0.7238423982199268, 0.011746432625412128, 0.35901083613280793, 0.9791264821407837, 0.6335105297470851, 0.35, 6.0, 0.5995973831224979, 0.9952611724746266, 0.4266750100498948, 0.0, 2.0, 0.7600877293557051, 0.7428052285612146, 0.8842063358331773, 0.91092, 0.8035370185433497, 0.22000000000000003, 7.0]",0.4394086490568944
"[0.7694085369075755, 0.0, 0.7112245675927038, 0.6168252147400444, 0.3907746218691941, 0.284973170272971, 0.7477372809362921, 1.0309083501010585, 0.31757238076721156, 0.75, 4.0, 0.7930318346831269, 0.9219557289942965, 0.37499923928984, 1.0, 1.0, 0.5574664882416352, 0.7914830768465122, 0.46986714698316645, 0.48148, 0.7383673858677198, 0.22000000000000003, 6.0]",0.6776045399388899
"[0.15827130095163008, 0.5, 0.4929418943861049, 0.25324554571741276, 0.06700096285677777, 0.40608766328786844, 0.7212136150930122, 0.9825204862101722, 0.7005102842140247, 0.8, 7.0, 0.6022209821957315, 0.8737941959213875, 0.4395272642249349, 2.0, 1.0, 0.5938586033349904, 0.6326588680247001, 0.5641647337142959, 0.49464, 0.827544169648903, 0.22000000000000003, 7.0]",0.650959309550685
"[0.5249929306642568, 1.0, 0.5169811872307558, 0.4823562985233501, 0.6266999526078544, 0.2595101404905936, 0.8577085961333997, 0.8722899986363738, 0.29060898031457183, 0.85, 3.0, 0.4919487121387718, 0.9685917392806125, 0.8930153432096167, 1.0, 0.0, 0.5011650105682672, 0.8687140958226688, 0.7888461345883377, 0.43576, 0.5574919276013746, 0.22000000000000003, 7.0]",0.4463374662108981
"[0.8567986125377278, 0.0, 0.5150250865082948, 0.9197166607916669, 0.59912462664489, 0.6829894871666654, 0.5276741401521142, 0.7114292284939128, 0.766852641118847, 0.25, 5.0, 0.7015022334227093, 0.9640513843355663, 0.5913918227453071, 1.0, 3.0, 0.20410735391280854, 0.6795588916864653, 0.48715058811158457, 0.54928, 0.7508478479796281, 0.22000000000000003, 7.0]",0.8454731386359364
"[0.22784383669969666, 0.5, 0.8904617224832461, 0.999961355500858, 0.34053680703996164, 0.5367444020666556, 0.6845299973382284, 0.9229153284220687, 0.6757719041578125, 0.3, 7.0, 0.6205240641469948, 0.9777234001368825, 0.3841717891061293, 0.0, 0.0, 0.3700955856956691, 1.0936476681754006, 0.634155103493544, 0.75784, 0.48937916284774263, 0.22000000000000003, 8.0]",0.4502816220639578
"[0.6338023869754114, 0.0, 0.525258064835562, 0.27368966836841874, 0.01697767289189276, 0.32082560731549925, 0.4831522674143096, 0.9682730257983042, 0.2395875088132599, 0.75, 5.0, 0.4803006138661581, 0.9915724580103287, 0.6317742402364004, 1.0, 2.0, 0.5382345329663516, 0.8798710430861272, 0.5671590751883671, 0.85332, 0.8921850750561984, 0.22000000000000003, 8.0]",0.6624980968328301
"[0.12253770223439356, 0.0, 0.4742143279258427, 0.9462168900368682, 0.2218300669306059, 0.6306161766954237, 0.8807939929313087, 1.1956046517013579, 0.5263529890745959, 0.45, 7.0, 0.5080602067620837, 0.8455737102246653, 0.22546177131026784, 2.0, 2.0, 0.5944700809434275, 0.8323144837259773, 0.7811214331967703, 0.9436, 0.5642421904811739, 0.22000000000000003, 8.0]",0.5982725848481448
"[0.5770271582070404, 0.0, 0.16982911193102113, 0.31350871953383896, 0.7309634908835736, 0.5064832954682774, 0.8445810994268219, 1.212843079114665, 0.5849996211646479, 0.6, 7.0, 0.7000803948468474, 0.9725673001281052, 0.39146813094904626, 1.0, 2.0, 0.400317458244388, 0.8695760362992795, 0.8930874982596939, 0.42916, 0.7661475408894156, 0.22000000000000003, 8.0]",0.6001276912760464
"[0.5546293701106805, 0.0, 0.6412484376031228, 0.44368961940813334, 0.22559055994906158, 0.10497451272950159, 0.6293019539432045, 1.1108561265371635, 0.32547760749076105, 0.15, 7.0, 0.3006604142085272, 0.9979554733587898, 0.6294004850952747, 1.0, 2.0, 0.45137870311020645, 0.6611279035217189, 0.5750814217553054, 0.50724, 0.494628550627883, 0.22000000000000003, 6.0]",0.8039003890150231
"[0.803535126175844, 1.0, 0.5648769843264992, 0.5585336258698615, 0.026915996475269034, 0.4857326092500698, 0.7020822892398852, 1.2754961387430317, 0.41242618295010536, 0.85, 7.0, 0.5047434486729795, 0.86273898761898, 0.3946856786650611, 1.0, 1.0, 0.21670094460731268, 0.6467729664640595, 0.8046535490776663, 0.49664, 0.8655462621175973, 0.22000000000000003, 7.0]",0.6394280631704152
"[0.6343402414252916, 0.5, 0.733475327355199, 0.22061042903451292, 0.4335619670740319, 0.5800044878366415, 0.6168589269109009, 1.1383118020806924, 0.5151982719935828, 0.45, 6.0, 0.5242681613833565, 0.9366621941815525, 0.4757878259947989, 0.0, 5.0, 0.6735141045054107, 1.0246165370908948, 0.6144409925134258, 0.90248, 0.3211482339824274, 0.22000000000000003, 6.0]",0.575911008066609
"[0.8092330586535512, 0.0, 0.6219643596171204, 0.9761934982996214, 0.6680547774611397, 0.3392573811253778, 0.8229352661631266, 1.1189817205291517, 0.2157367731565225, 0.75, 5.0, 0.3279892121235249, 0.539493019814048, 0.655309734046992, 2.0, 1.0, 0.5604679872670046, 0.9904050080918074, 0.475714906362021, 0.79804, 0.8349341592896864, 0.22000000000000003, 6.0]",0.6516967916450046
"[0.7307844941476099, 0.5, 0.6502835885043788, 0.8737179132373731, 0.5981647536410807, 0.4959528020760105, 0.4376379411958077, 1.142163376060501, 0.4796355548263756, 0.55, 7.0, 0.5327923918388346, 0.9689309986700525, 0.4605829678322781, 0.0, 2.0, 0.2522137265183314, 0.9561569172130311, 0.5254819141729741, 0.47236, 0.43246713825828115, 0.22000000000000003, 8.0]",0.5096953710112199
"[0.10259081897086678, 1.0, 0.4947768404379742, 0.6177731679292792, 0.617987574639236, 0.35238954415154594, 0.8847780123625699, 1.284943214010847, 0.5299274483931105, 0.3, 6.0, 0.48900366575815446, 0.9773920266782401, 0.4719551259384109, 1.0, 4.0, 0.25388812845866937, 1.1578146045597064, 0.49230169559344683, 0.41076, 0.7609506639760937, 0.22000000000000003, 8.0]",0.6418240621253964
"[0.4981119638021315, 0.0, 0.011552025902745067, 0.6276678294573523, 0.08934823067249696, 0.38339899642575925, 0.4444952943778878, 0.7110635148299898, 0.6567581768347239, 0.9, 3.0, 0.25717167660430357, 0.6427575399288644, 0.40364590063892125, 0.0, 0.0, 0.39889388796944864, 0.8977172268402445, 0.543360402519671, 0.82964, 0.8027613153518232, 0.22000000000000003, 6.0]",0.49249585147067937
"[0.6930572239372057, 0.5, 0.787231212897332, 0.4829321177098798, 0.24303277982883512, 0.5104328998808397, 0.38429627752904616, 0.7748866378664813, 0.5846982964070067, 0.85, 3.0, 0.3959978966095366, 0.9889131624923557, 0.6107537696385562, 0.0, 2.0, 0.5148284285233156, 0.6483247040204058, 0.6791745267614391, 0.63152, 0.8878077275292953, 0.22000000000000003, 7.0]",0.47696793156725203
"[0.19116475458900883, 1.0, 0.19417452011129488, 0.9683163198877709, 0.12652057900441846, 0.5819377713132396, 0.38684369911241845, 1.286272728276003, 0.6733117743187891, 0.85, 5.0, 0.608989587907922, 0.8350014614749612, 0.33536261068294787, 1.0, 2.0, 0.5436383161186793, 0.6760779130189448, 0.4658863374594498, 0.5134, 0.8401201676858623, 0.22000000000000003, 7.0]",0.6789060917943991
"[0.45721093823165393, 0.5, 0.3449340426270605, 0.6129294191467569, 0.09148350799030346, 0.496556750879844, 0.4705992963743685, 1.1651245122419063, 0.4534091233412228, 0.95, 7.0, 0.5488047640629855, 0.9832110661369999, 0.35557813923456555, 2.0, 1.0, 0.49875312092853635, 1.1839419820329953, 0.4399772352702062, 0.46112, 0.6978807886759473, 0.22000000000000003, 8.0]",0.6012692386986371
"[0.8527804676641113, 1.0, 0.3066155493614078, 0.2476931552878215, 0.13992550180277724, 0.07700676807261801, 0.39509600507419956, 0.8480689040695766, 0.43426646373328925, 0.2, 5.0, 0.5060409322128254, 0.6964926547932982, 0.4226988785440026, 1.0, 1.0, 0.5495217003363029, 0.9468845073456726, 0.40763045037016854, 0.46868, 0.48553465416096675, 0.22000000000000003, 8.0]",0.6229028038774999
"[0.8151874991794633, 0.5, 0.8220773532629287, 0.47538581957137843, 0.5168787709275072, 0.5358535900937331, 0.5473938561673809, 1.0719328321116022, 0.5140035835152088, 0.6, 7.0, 0.5590750699602441, 0.8097338559404538, 0.5367708899088662, 1.0, 3.0, 0.7423550186230761, 0.673279881575999, 0.4451181219435672, 0.77312, 0.673945140022768, 0.22000000000000003, 6.0]",0.6402174846517379
"[0.4439837916225241, 0.5, 0.3947322181766755, 0.23467929498775889, 0.10505151879951234, 0.6362769023461398, 0.8310444304433506, 1.013725837318315, 0.5126767457337708, 0.4, 3.0, 0.5398782175517475, 0.7898300051823656, 0.7003400686720059, 1.0, 0.0, 0.516833512273243, 1.0342380594692635, 0.47970805487143114, 0.40456, 0.46770793908326247, 0.22000000000000003, 7.0]",0.4524118919424985
"[0.7473167111395079, 0.0, 0.811283998587687, 0.8874659096992124, 0.6184489450022264, 0.22775148267519596, 0.44973496833498017, 1.1529134463937496, 0.4568016754529173, 0.5, 5.0, 0.506513978562223, 0.7948839127235979, 0.36425779369420425, 1.0, 2.0, 0.38894761020200896, 0.895961079913337, 0.803520064424452, 0.68876, 0.6216534393469066, 0.22000000000000003, 6.0]",0.66200758480279
"[0.5971174827215667, 0.5, 0.5400058878748655, 0.6283257640205746, 0.5296874555996055, 0.6680263778778008, 0.6469613406624932, 0.9543110720573296, 0.5525417682891878, 0.75, 4.0, 0.49930468616404133, 0.8100413024119376, 0.553019478210889, 0.0, 0.0, 0.7032992928999415, 0.9527779185844568, 0.5233655497495848, 0.7634, 0.7274203499527219, 0.22000000000000003, 7.0]",0.5472879776504751
"[0.7550539676259759, 0.5, 0.13184852913094414, 0.5066167174474587, 0.48308913516796737, 0.10199668979961947, 0.5309000050123893, 0.8114876942896398, 0.3743745199077296, 0.25, 7.0, 0.4695475442698193, 0.9111784401203544, 0.6060681297083448, 0.0, 3.0, 0.5894023913809708, 0.9521275198691639, 0.6581014941458723, 0.5816, 0.6019170654476711, 0.22000000000000003, 6.0]",0.43755630116388705
"[0.38778894645290396, 0.5, 0.7496998602855951, 0.843369934588784, 0.5487269239510997, 0.4249433789771636, 0.7173439037547188, 1.237220425029646, 0.5747347347419735, 0.85, 4.0, 0.36946065269048334, 0.7882811595066196, 0.453568628527237, 2.0, 0.0, 0.4276478152801024, 0.987294790786966, 0.7636331207865619, 0.99, 0.877702841364483, 0.22000000000000003, 6.0]",0.4389047280839182
"[0.5839731339746759, 0.5, 0.7707298113392237, 0.7631476906763741, 0.20342748429249655, 0.6312011385134598, 0.40276065591760646, 1.289304094219105, 0.3743316176439475, 0.55, 4.0, 0.3895675673336414, 0.6363324112654586, 0.5085631540224628, 0.0, 2.0, 0.4122182448677458, 0.9995837379933437, 0.6751968513892452, 0.60816, 0.5012175527299544, 0.22000000000000003, 7.0]",0.45549458846080565
"[0.3502739854159548, 0.0, 0.3717469187817989, 0.31051811506712385, 0.6726479276006009, 0.6175282537457554, 0.5043977018986271, 0.9149139550377399, 0.37414757006048893, 0.6, 5.0, 0.49707501317070524, 0.8550667057808689, 0.584213877055518, 0.0, 4.0, 0.21008816550171608, 0.9326647373442709, 0.6053255609774437, 0.7664, 0.7496375178658814, 0.22000000000000003, 6.0]",0.5431168448277355
"[0.8346375361531514, 0.0, 0.9730982389345235, 0.622989046905206, 0.7175170861653102, 0.6364331013769375, 0.7803389117672859, 1.2318933825969598, 0.5203874169870464, 0.6, 7.0, 0.3918057142550465, 0.6271058389333594, 0.3352363552200801, 1.0, 3.0, 0.6221777406390441, 0.8420152441186016, 0.779196480559404, 0.6684, 0.6824319026223612, 0.22000000000000003, 8.0]",0.596933969745204
"[0.4695412147490208, 0.0, 0.13079985627161317, 0.4239042748652124, 0.28484724841296905, 0.15114626483839877, 0.6753473735407945, 0.9776770211012618, 0.48194520151401915, 0.35, 3.0, 0.38629077204051976, 0.839632611352686, 0.25063407262680376, 1.0, 2.0, 0.5039714143283408, 1.1661992459675123, 0.864885519913571, 0.92156, 0.651453667147751, 0.22000000000000003, 7.0]",0.593428651004999
"[0.21915771576450407, 0.5, 0.5113279323231068, 0.33732183481926264, 0.11274135931328289, 0.63704738857078, 0.852721185340831, 1.1003966799200422, 0.4296128705586286, 0.85, 7.0, 0.5295921865589737, 0.8606497198938832, 0.5602959323295406, 0.0, 6.0, 0.26458705582205955, 0.8324361047292677, 0.4862222025458709, 0.864, 0.6055458104844762, 0.22000000000000003, 6.0]",0.5365276664444578
"[0.5957349297998815, 0.0, 0.3849556838050914, 0.7444779951889202, 0.5666000570274289, 0.33060907555597124, 0.381160852099964, 1.260808426906895, 0.47528844854843183, 0.35, 4.0, 0.2246246884723459, 0.3227501484575277, 0.5608754919288613, 0.0, 2.0, 0.27770273066794254, 0.8737829186365632, 0.8900591665398672, 0.79672, 0.6722711243443693, 0.22000000000000003, 6.0]",0.45578425167732495
"[0.5159658205742543, 1.0, 0.736899246482995, 0.8085373258775728, 0.678537020817847, 0.15087059603489722, 0.3403611489953583, 1.069331668814871, 0.6295448328764863, 0.4, 3.0, 0.41347658622507083, 0.6916002076761288, 0.7907880954097103, 2.0, 0.0, 0.7795235573940253, 0.7115457288299679, 0.7802950872054499, 0.74072, 0.5719648245341894, 0.22000000000000003, 8.0]",0.41786579576864147
"[0.30184366844193433, 0.0, 0.1416092729117947, 0.4551848979378701, 0.46658732233200423, 0.5792961629460996, 0.7172684404480911, 0.9985395711366785, 0.6363009219831455, 0.85, 7.0, 0.4422101011951543, 0.9689932032812969, 0.3713418048139014, 3.0, 2.0, 0.6733826851866827, 0.6677418002630957, 0.5962974180988876, 0.56484, 0.8065512291377441, 0.22000000000000003, 7.0]",0.6278010392539228
"[0.7280172846138334, 0.5, 0.8836827260489478, 0.7690673115510125, 0.3150126162853128, 0.6501226470819541, 0.8267944409647956, 1.012963051433299, 0.4307037405167302, 0.15, 3.0, 0.2625316967920039, 0.29230608012622605, 0.6709602763881016, 1.0, 0.0, 0.6579447202560065, 0.6150722505599213, 0.6189392288402844, 0.64456, 0.32415095426278456, 0.22000000000000003, 7.0]",0.5556331781338602
"[0.11075840164049709, 0.0, 0.37139050602878565, 0.7056056452764567, 0.35225869308947905, 0.28673890368726007, 0.5944562516603982, 0.9868578883966177, 0.48252582859522714, 0.25, 6.0, 0.5092244907561104, 0.9411867793956755, 0.4054079309657592, 2.0, 1.0, 0.2468481322535443, 0.6562341218039184, 0.7055387530130748, 0.41928, 0.6576915969164422, 0.22000000000000003, 8.0]",0.7607092833708003
"[0.1550367985034086, 1.0, 0.6263557311854412, 0.9732390526967711, 0.7804400282653812, 0.5129832989396742, 0.5874212702036168, 1.181584221782022, 0.4701372555399064, 0.9, 6.0, 0.5531343553932244, 0.9347398720843315, 0.5086847025519574, 1.0, 3.0, 0.7970068032979987, 0.9582503387458099, 0.4170659651219776, 0.45836, 0.6104569912582114, 0.22000000000000003, 7.0]",0.6317381338399702
"[0.45657007952864637, 1.0, 0.5648839392197379, 0.6339071306796071, 0.06525496292476261, 0.25688723815512815, 0.7021974465641292, 0.8917576283880305, 0.43488121638436517, 0.5, 5.0, 0.4852570359539897, 0.834732084155424, 0.36622847637278555, 1.0, 1.0, 0.280745219381552, 0.761040736997316, 0.6452284351489486, 0.7512, 0.5280935736925985, 0.22000000000000003, 7.0]",0.7888467537780713
"[0.44606655546434915, 0.0, 0.6267807361668445, 0.5769795028945355, 0.4191792262935914, 0.5225880009004226, 0.3752075141445642, 0.9097098169638831, 0.26054890591758834, 0.9, 6.0, 0.5039236130506146, 0.8866216428846937, 0.7021942874188812, 4.0, 1.0, 0.672283979238818, 1.0791304299975912, 0.6470106927283128, 0.74432, 0.6309920473456747, 0.22000000000000003, 6.0]",0.6301201599780244
"[0.37676462881117423, 0.0, 0.01028479406485916, 0.8333521828375339, 0.7479774303162804, 0.5495945233334327, 0.5139284441746772, 1.2714359542534621, 0.2450761082708302, 0.45, 4.0, 0.3878091598892157, 0.8441523048845386, 0.7417978145837975, 1.0, 1.0, 0.6909807481631295, 0.6742481799581704, 0.5838179198307182, 0.70688, 0.3979106972915271, 0.22000000000000003, 8.0]",0.6687651384168921
"[0.4227391284099936, 0.0, 0.31604230660180954, 0.741987095980803, 0.4462597152335883, 0.6259730092323228, 0.45601901794702554, 1.056401591989085, 0.6164227778801077, 0.85, 5.0, 0.6633124944053965, 0.9445688375718949, 0.5517366822387437, 2.0, 2.0, 0.7811750989471509, 0.6295602296940248, 0.7489780529663572, 0.549, 0.4732021433254729, 0.22000000000000003, 8.0]",0.670048893231774
"[0.13405400128101244, 0.5, 0.9212847599646075, 0.2850511097511678, 0.2907450924162512, 0.4712590496818065, 0.4704376164593096, 1.0100042893632175, 0.5256663352806055, 0.8, 3.0, 0.5232874806947113, 0.9970861085155717, 0.6055138239065735, 1.0, 0.0, 0.7220385992123781, 0.9686148054027797, 0.4089189108796779, 0.52984, 0.8063631028791227, 0.22000000000000003, 7.0]",0.4173021346248642
"[0.4469380188976374, 1.0, 0.3783243501681487, 0.6279430638493151, 0.7089738770847672, 0.5158641858893843, 0.5579388169587923, 0.7307874745332094, 0.3375474096235254, 0.3, 6.0, 0.6531955392040416, 0.8960430881094523, 0.6175440637065228, 1.0, 3.0, 0.5202283773742222, 0.8447021410835212, 0.7694152083382962, 0.402, 0.5058403031587726, 0.22000000000000003, 8.0]",0.6909994516959006
"[0.6164534216482354, 0.5, 0.5917713359152551, 0.5993589466520454, 0.084467652320234, 0.044138547013124294, 0.840288449508868, 1.154590685986259, 0.7316077280139746, 0.65, 7.0, 0.4512773164819453, 0.8517087532843323, 0.5162373492461717, 1.0, 3.0, 0.7240321957342752, 0.7221523661679333, 0.6544032109486386, 0.61108, 0.8981840044757377, 0.22000000000000003, 8.0]",0.5985464677015769
"[0.4933457452905379, 0.0, 0.567155001920358, 0.7075882775412681, 0.65692855753207, 0.3446322493673908, 0.6012889085706652, 1.28867549171124, 0.7473745293984719, 0.85, 7.0, 0.6202473521370011, 0.9307052759265071, 0.5782675556082667, 2.0, 1.0, 0.7907488569170749, 0.8948482170649039, 0.44663124629278056, 0.64472, 0.6544213715283638, 0.22000000000000003, 6.0]",0.5981826759755795
"[0.6905170661682554, 1.0, 0.6877513130764779, 0.8160143266165638, 0.25264729996479884, 0.10185687826785471, 0.7999792542221205, 0.9957639527528177, 0.5020332101759715, 0.85, 6.0, 0.392788424667023, 0.8017800995717123, 0.45876708264501626, 0.0, 3.0, 0.4976822899794597, 0.9801539788026619, 0.5512284163582064, 0.91516, 0.3813733980051806, 0.22000000000000003, 6.0]",0.4990640299791273
"[0.8355634620339892, 0.0, 0.30623125921701455, 0.8314751793301656, 0.24179427941454731, 0.6568192258909632, 0.48960083437291835, 1.1684858609049833, 0.33552613212355936, 0.25, 3.0, 0.9560899657351681, 0.9743774165962291, 0.4661273952887819, 1.0, 1.0, 0.5879268650320681, 0.9253768788542618, 0.8623425054989624, 0.41332, 0.4681345875420191, 0.22000000000000003, 7.0]",0.5993876189404735
"[0.6087294631058426, 1.0, 0.08157813007813253, 0.8772527376719854, 0.16273090500559642, 0.45773312302116764, 0.5284390986419664, 1.2638436410378837, 0.3929040520865113, 0.2, 5.0, 0.47683294430540785, 0.5555685267231476, 0.37424817019212486, 1.0, 1.0, 0.6950821142534922, 1.0164132611211942, 0.6204782336464192, 0.49692, 0.6879287087308545, 0.22000000000000003, 6.0]",0.6396109523205957
"[0.3409181714852171, 0.0, 0.1309954625934019, 0.716326444065045, 0.5981338993685855, 0.25383663974204274, 0.46393172701972174, 1.0654009995272506, 0.7898319738105919, 0.35, 5.0, 0.4871796961885715, 0.8184373069493932, 0.5779546482625654, 1.0, 3.0, 0.22525148034332315, 0.8367432007331415, 0.6203707185391908, 0.42828, 0.6949074389332184, 0.22000000000000003, 8.0]",0.7330129980081982
"[0.43968956286060645, 1.0, 0.8234432221615557, 0.3746087250376977, 0.5874293317277288, 0.10987108567452196, 0.4297310639556302, 1.0932618066013842, 0.3489416602558756, 0.3, 3.0, 0.4963734120444225, 0.7932342221976031, 0.5620216803217811, 0.0, 1.0, 0.36847868381016774, 1.1633504501756502, 0.5982428468881422, 0.44704, 0.35077786265580696, 0.22000000000000003, 6.0]",0.44342426637161725
"[0.516102624772114, 0.0, 0.943378260774643, 0.922355356123594, 0.29548308103893606, 0.5597199900848266, 0.7369955789225667, 0.9362163678714996, 0.7643020151914048, 0.15, 6.0, 0.6716828263485057, 0.9745932378328679, 0.5671722474647493, 1.0, 3.0, 0.5199925832292609, 0.7456561364975439, 0.776576377232899, 0.44568, 0.4496833696129149, 0.22000000000000003, 6.0]",0.6918892548929463
"[0.22130780975324893, 1.0, 0.9028398980252721, 0.9652465813976452, 0.473224909569397, 0.34537359797804906, 0.7946287969052668, 0.8067063892489701, 0.4479079432147358, 0.35, 5.0, 0.5635575645801858, 0.7791271203229387, 0.6090830427583759, 2.0, 0.0, 0.5106995151395262, 0.6286797082929734, 0.6406983968883071, 0.49352, 0.5436631726222899, 0.22000000000000003, 8.0]",0.5874541510549409
"[0.6433251124193726, 0.5, 0.18543414688801518, 0.49240340421905526, 0.29524959621321767, 0.1254408047539277, 0.7210751812857744, 1.2872049813448379, 0.28820952499778635, 0.5, 7.0, 0.4008737830788454, 0.8157300028809662, 0.42666348768555107, 1.0, 5.0, 0.6826446033343194, 1.0982825639892542, 0.680515039252668, 0.83884, 0.6136051055220729, 0.22000000000000003, 7.0]",0.5850754375568011
"[0.5945951180201264, 1.0, 0.62772611343614, 0.3042421773855745, 0.20051621860652322, 0.384121221856893, 0.343384648226065, 1.1347181017853578, 0.3536488353038881, 0.4, 7.0, 0.4039211401875987, 0.7173331929592769, 0.4145284784149633, 2.0, 3.0, 0.2479689670107422, 0.7414738316051414, 0.5728617586582967, 0.67756, 0.5087636923076817, 0.22000000000000003, 6.0]",0.7351828198463992
"[0.425932068256636, 0.5, 0.7242371458508607, 0.6085962749443208, 0.07817759978313364, 0.35240354835586574, 0.7116526801869816, 1.240804932398481, 0.4573810187051578, 0.6, 3.0, 0.34571391013055636, 0.6912328178356633, 0.6758805610347712, 3.0, 0.0, 0.37447967925514825, 0.9781798906319169, 0.8069147505875587, 0.85104, 0.6289297323616769, 0.22000000000000003, 8.0]",0.4164072202408457
"[0.19542511985544114, 0.5, 0.9456040510721248, 0.20482352609480065, 0.0805319389441535, 0.5288620739973305, 0.48192937716422657, 0.8702139988524948, 0.5241801878361552, 0.6, 3.0, 0.3351818852816472, 0.4747648536240835, 0.5270829226587175, 0.0, 1.0, 0.7680406290903712, 0.7437442905630747, 0.7285429521838229, 0.58264, 0.3489181706658019, 0.22000000000000003, 6.0]",0.45198008520245825
"[0.35561822164466206, 0.5, 0.21746103733627153, 0.6605932601122366, 0.2537192916176029, 0.10356989148279491, 0.41751483395285316, 0.8690618629510538, 0.7327946859887149, 0.8, 3.0, 0.4619201476698378, 0.8074489317768176, 0.5178425323213691, 1.0, 2.0, 0.5671797327448778, 1.1995919824951295, 0.6973099933986133, 0.55052, 0.6586793804459063, 0.22000000000000003, 8.0]",0.5967172094074469
"[0.6232345890712329, 1.0, 0.6032355055350148, 0.7777667565170243, 0.09234242606544765, 0.1280342527001554, 0.468991342653012, 0.7213958508213297, 0.47513038616120906, 0.75, 7.0, 0.35301146277565804, 0.7926912636462018, 0.6513620542509645, 0.0, 3.0, 0.6955466177135148, 0.7232413650384222, 0.553723364092775, 0.55076, 0.6538706477987644, 0.22000000000000003, 6.0]",0.48096187317094063
"[0.7987968358466965, 0.5, 0.7075175334700887, 0.204096809414607, 0.5338115524738497, 0.14992848432357891, 0.4366023186769486, 1.0801450613660857, 0.6881126211376605, 0.85, 7.0, 0.2460944651642609, 0.6427501342723413, 0.46059245498567364, 1.0, 1.0, 0.5208414471485461, 1.1669828782730816, 0.5058310644087514, 0.8414, 0.6561947473869709, 0.22000000000000003, 7.0]",0.602432908724673
"[0.2064037289663114, 0.5, 0.5677910311652451, 0.49265428893128205, 0.23938574684403752, 0.18021392173912731, 0.5799807859308526, 0.7237266256398245, 0.26763232161279515, 0.55, 5.0, 0.6111113863846873, 0.9229394782918909, 0.6334023214118203, 4.0, 1.0, 0.4349515260395286, 1.1446104581582408, 0.6478167339528393, 0.86444, 0.8218236349651358, 0.22000000000000003, 7.0]",0.658548133569013
"[0.8799081291322706, 0.0, 0.2401267563764874, 0.4522907178107026, 0.46608604231027295, 0.07936097884041687, 0.7019013712001951, 1.1077437243763852, 0.7237255590889304, 0.45, 6.0, 0.5644084810497272, 0.9020510039084607, 0.6385031307579433, 0.0, 3.0, 0.770579117706848, 1.1101687832672986, 0.7823076303186555, 0.42648, 0.8406695163941187, 0.22000000000000003, 7.0]",0.4336159800488916
"[0.45773642312267315, 0.0, 0.9291411355605763, 0.8231776879569486, 0.35282144225717893, 0.1018510233726163, 0.3370856352526385, 1.2042576328616859, 0.41530154067891384, 0.35, 3.0, 0.46334047850901133, 0.535352844014462, 0.39715190634131464, 1.0, 0.0, 0.7685290632412027, 1.1126534675220165, 0.5467758713054258, 0.55876, 0.42373542083943244, 0.22000000000000003, 7.0]",0.4077153691212167
"[0.7868649765322446, 0.0, 0.7955063284721551, 0.5748444851847414, 0.5420654550801732, 0.2345029209724353, 0.500201828354601, 0.9017681338869847, 0.765350910286847, 0.55, 5.0, 0.46463403143609516, 0.6599376841657687, 0.6017571295236825, 0.0, 1.0, 0.6269748166474066, 0.875921594785236, 0.435395286893169, 0.99376, 0.7137762621292206, 0.22000000000000003, 7.0]",0.5000949435442184
"[0.7044864410178858, 1.0, 0.7034052826545271, 0.8971657293676769, 0.28123017717676824, 0.1258342876811482, 0.3925382628305613, 0.7204035895873936, 0.7852444991310612, 0.6, 4.0, 0.5936612260158851, 0.8043818863350457, 0.542018169814919, 1.0, 2.0, 0.5419742223941905, 1.0310932953006042, 0.7695491697764221, 0.77836, 0.7902556845606112, 0.22000000000000003, 7.0]",0.6364179896917833
"[0.8361954950805411, 0.0, 0.4903599706028593, 0.53585187674866, 0.22410120635674274, 0.6244398671325869, 0.6867500435581642, 0.7920392744209893, 0.3018696025700222, 0.65, 4.0, 0.3762515135052392, 0.6022407622681624, 0.5040079889851968, 1.0, 0.0, 0.44491975042151743, 0.925859716972977, 0.49933883027158776, 0.51904, 0.44630612291643856, 0.22000000000000003, 7.0]",0.5573250528884213
"[0.40655536057396346, 0.5, 0.006277977023476988, 0.44476178446329184, 0.6491174821523221, 0.30576119805262686, 0.6225239179152675, 1.0964245641813688, 0.5957875598415113, 0.45, 3.0, 0.5397837721709112, 0.9416724309162893, 0.5287905466113106, 1.0, 0.0, 0.353597848492898, 1.0364515286095752, 0.7697135422636732, 0.78708, 0.5246511012901418, 0.22000000000000003, 7.0]",0.42949768978076636
"[0.6818468667701019, 1.0, 0.24149737449609587, 0.6048641370371253, 0.4903364583336301, 0.07603106327879595, 0.8691420530219489, 1.089182521772448, 0.4079640686591579, 0.45, 4.0, 0.41876930611679647, 0.5649842774388312, 0.44349327487966644, 1.0, 3.0, 0.5084776044256394, 0.8399492917173884, 0.5544413164816334, 0.9232, 0.8399089233919312, 0.22000000000000003, 8.0]",0.6512254063098558
"[0.18324400106426086, 1.0, 0.9754771962066715, 0.28354845755199753, 0.16784395459021068, 0.31474526222670357, 0.3011565513405446, 0.9321536422087736, 0.47307199939807, 0.95, 7.0, 0.6516339425833207, 0.988264500845344, 0.3757150152938741, 0.0, 1.0, 0.601212416140673, 0.7346851033421032, 0.620059864607674, 0.43204, 0.605005650733, 0.22000000000000003, 7.0]",0.4659618149493342
"[0.81679597062436, 0.5, 0.5703964879948306, 0.24808213749011873, 0.2913692914312076, 0.18619662227655417, 0.6717907450818309, 1.2744549383888861, 0.6066720767148179, 0.4, 5.0, 0.4694891158816542, 0.7489892080261863, 0.4588469740372022, 0.0, 3.0, 0.4313551217861303, 0.9014352026905708, 0.7429740652157004, 0.67936, 0.7648697864002412, 0.22000000000000003, 6.0]",0.46148636005861726
"[0.3934229862213542, 0.5, 0.930102492241652, 0.9163663951167382, 0.4126171998140999, 0.6315787787876443, 0.8927395339226483, 1.1182838126943881, 0.73885523668211, 0.3, 7.0, 0.6551360550109246, 0.9706119207522844, 0.28445520283368425, 2.0, 3.0, 0.3411346815897328, 0.777960530554543, 0.41808549120574856, 0.6244, 0.384254464885953, 0.22000000000000003, 8.0]",0.7562849741440115
"[0.4083216324592748, 0.5, 0.24902798144654326, 0.6791183592887322, 0.35657543653490564, 0.36327043265534553, 0.3356911728887447, 1.2564285605645868, 0.3561865911872417, 0.35, 7.0, 0.5662610405019136, 0.9993622973360181, 0.7576448058211255, 1.0, 2.0, 0.4668376551466164, 0.8685712955617726, 0.6722087884957914, 0.81008, 0.5712861448175928, 0.22000000000000003, 6.0]",0.6175251583225887
"[0.8185237946436974, 0.5, 0.34471333439376584, 0.7402798972749631, 0.314696662915833, 0.5456614098423267, 0.5920957053365681, 0.7923114325393553, 0.6824024296607727, 0.7, 4.0, 0.31593883650907845, 0.5030947886947278, 0.6477823848529392, 0.0, 2.0, 0.6636800635514799, 0.8725810713453435, 0.8355221486561036, 0.83704, 0.5222454898320642, 0.22000000000000003, 6.0]",0.5259133861856768
"[0.4517603284460301, 0.5, 0.8323170994840826, 0.34012827495946596, 0.08616266241329518, 0.595856714061053, 0.5536439936835444, 1.1127939656815808, 0.49648951561114024, 0.55, 6.0, 0.5641996253783245, 0.7831355934320191, 0.4529127450524844, 0.0, 2.0, 0.25404965963874454, 1.1824798395427565, 0.6732627161181691, 0.97228, 0.6760184100122799, 0.22000000000000003, 7.0]",0.4533703771428165
"[0.26585696941449044, 1.0, 0.5322273379633187, 0.9013673410240282, 0.07658359357906086, 0.6528327225037893, 0.7382998257061923, 0.7962648795261079, 0.4316648899877165, 0.9, 6.0, 0.556327763867968, 0.9774153199234956, 0.6148311278420109, 0.0, 3.0, 0.39056348254378, 1.1517791114275326, 0.7021915921033326, 0.62008, 0.8817574474193535, 0.22000000000000003, 7.0]",0.4482301249679537
"[0.571249057986946, 0.0, 0.5733525031344079, 0.9835463780087779, 0.44292540737338393, 0.5527030660623208, 0.8559047449858073, 1.049479451811725, 0.20054733833893787, 0.35, 6.0, 0.4345425402439202, 0.8426420549495716, 0.6385138982348892, 2.0, 0.0, 0.6805947126056318, 1.1993560739986902, 0.5387111859968894, 0.62492, 0.7186669278946078, 0.22000000000000003, 8.0]",0.43682441939859756
"[0.12016060601875687, 0.5, 0.5681586600626056, 0.49788944883115777, 0.538253850999871, 0.6678097849410786, 0.5129408846563331, 0.8349962789987136, 0.5034224081963548, 0.45, 4.0, 0.7075706528097878, 0.977622430636428, 0.4177653220156128, 1.0, 2.0, 0.20370482468971263, 0.937699012072972, 0.5044195503847932, 0.54244, 0.5785422992489562, 0.22000000000000003, 6.0]",0.7774491238708717
"[0.8856107334628804, 0.5, 0.7001488898944673, 0.5900628199947789, 0.49754551888314275, 0.5628286218023005, 0.7547095928376427, 1.09222597183716, 0.683573216995137, 0.65, 7.0, 0.6941787731605668, 0.9569054093183028, 0.5329788427327083, 1.0, 2.0, 0.7342062332939441, 0.7244322788793139, 0.5713529917129404, 0.46316, 0.6543287249485715, 0.22000000000000003, 8.0]",0.6182722794419919
"[0.5233305781240901, 0.0, 0.2641152881737039, 0.7804488898333168, 0.6152937164908608, 0.42714501224928436, 0.5674622071868882, 0.9302482019190899, 0.4279244804216545, 0.15, 3.0, 0.6900893449929494, 0.9664420400516164, 0.45521178152632696, 0.0, 2.0, 0.6760264509175207, 0.8188366698688463, 0.6867430722190466, 0.49784, 0.5011647326158487, 0.22000000000000003, 7.0]",0.4394238244721087
"[0.10835914166937721, 1.0, 0.9764500924272898, 0.8607105555764418, 0.7111220377276872, 0.12393497286215542, 0.8019948266530219, 1.2378454675268165, 0.5765767643971473, 0.65, 7.0, 0.2926793030736662, 0.7341815980992813, 0.5953253493218432, 0.0, 4.0, 0.25370871217027646, 1.1041993768837204, 0.7158712235313125, 0.631, 0.798342560527743, 0.22000000000000003, 7.0]",0.40858753759905425
"[0.7369917610447424, 1.0, 0.715763031430947, 0.30474197724572555, 0.6559891491607295, 0.5450488950525214, 0.8172457430263418, 1.0561478336869634, 0.7440453092505397, 0.85, 7.0, 0.5324404025223418, 0.9378484119290663, 0.533772778549902, 2.0, 3.0, 0.7087202562153017, 0.6462445972765727, 0.7811219224063108, 0.912, 0.5282085616296404, 0.22000000000000003, 8.0]",0.6225567855921215
"[0.6413566067905714, 0.0, 0.8485541135068083, 0.7733497585543425, 0.39430535255479227, 0.09587007488297405, 0.32414469011316344, 0.7491618058570999, 0.7251686071367913, 0.9, 5.0, 0.3311644813087912, 0.5061371622839643, 0.46612469133807577, 1.0, 0.0, 0.4295121381663618, 0.9384255300360567, 0.5133436433398164, 0.93496, 0.4973395863761406, 0.22000000000000003, 7.0]",0.5696059900947985
"[0.7956684069862082, 1.0, 0.9399771641714246, 0.5727943582352439, 0.6318135814298937, 0.5571356994251451, 0.7478101607604319, 1.2473943901596727, 0.394640039642874, 0.3, 3.0, 0.6111179334657982, 0.8533649985986117, 0.35036476683850015, 0.0, 1.0, 0.5660232539762879, 0.8564871613055784, 0.6196815799850649, 0.62096, 0.640535695709357, 0.22000000000000003, 7.0]",0.5248252446490494
"[0.5077294193199229, 1.0, 0.36381862915503094, 0.2091419996751025, 0.7575763373351764, 0.6603676776735063, 0.3357898977810778, 0.7825370591045208, 0.3325668289289885, 0.75, 7.0, 0.46687653367269405, 0.8842394314732421, 0.4641887104358893, 1.0, 3.0, 0.4561167384296845, 0.6689841732523453, 0.42242812923549, 0.67048, 0.6766286724730965, 0.22000000000000003, 8.0]",0.652504423002787
"[0.8709161556671438, 0.5, 0.0222932862066767, 0.9451629786631119, 0.756981133969278, 0.3272769187974614, 0.7167104227360319, 0.9893792297934172, 0.3913695554868687, 0.2, 6.0, 0.6781289319938949, 0.997696575271365, 0.49918972458507066, 1.0, 2.0, 0.7408280507581695, 1.0890494348821727, 0.8920612146475293, 0.94404, 0.39912290991707944, 0.22000000000000003, 6.0]",0.6187662927285793
"[0.6434494668609474, 1.0, 0.02063903028609826, 0.9401546353397747, 0.19277057805891148, 0.024630323488223548, 0.7974363306203069, 1.111407214954832, 0.2225508929941167, 0.6, 6.0, 0.6206906623106332, 0.9171179300036235, 0.3664682335254376, 2.0, 2.0, 0.28550958082341177, 0.736228746726623, 0.6845850908259099, 0.6574, 0.34772216000441036, 0.22000000000000003, 7.0]",0.7572692787484362
"[0.688531381809649, 1.0, 0.7630238495555964, 0.8502696262816178, 0.4916610035492605, 0.6460032990346437, 0.40535257797239255, 0.85883077100169, 0.44060625780368223, 0.5, 7.0, 0.6693933079784306, 0.990789283404644, 0.5870551905070702, 2.0, 1.0, 0.6618165170256791, 1.1316795231006607, 0.5231590146307201, 0.786, 0.5426705347914766, 0.22000000000000003, 7.0]",0.6087893059208458
"[0.3012167571185881, 0.5, 0.13470765203672774, 0.21599802325448617, 0.09007646345131635, 0.2380403357383938, 0.45396207241017905, 1.1741875760147047, 0.2220795489908076, 0.15, 4.0, 0.4013508057833812, 0.9696333347201038, 0.4936854527473743, 1.0, 0.0, 0.3326931852912798, 0.9184395502790672, 0.596953521566149, 0.4206, 0.7129480790296188, 0.22000000000000003, 7.0]",0.4771524260406743
"[0.4608991416735435, 0.0, 0.4690618567959052, 0.7585866171432283, 0.037636453428289855, 0.2504791352251044, 0.8091937322469009, 0.8539799469121808, 0.7371567187242405, 0.15, 4.0, 0.6020441711410305, 0.9349165102737818, 0.5192536223670392, 2.0, 2.0, 0.6703436077702261, 0.9762767873848746, 0.41049523845648195, 0.91196, 0.5694502542419076, 0.22000000000000003, 6.0]",0.669618107424651
"[0.6612780799963691, 0.5, 0.14388024277561418, 0.5918516437277019, 0.08467953266377651, 0.18605671824579018, 0.531774884025066, 1.0222093682823887, 0.2305623415565701, 0.9, 4.0, 0.3124661367358057, 0.6332844168178831, 0.481046813026539, 0.0, 0.0, 0.5143151263849012, 0.7132086997414087, 0.8470032875214359, 0.91144, 0.8059037765356416, 0.22000000000000003, 8.0]",0.4580181239593717
"[0.6486304744916819, 1.0, 0.1021121810814708, 0.9378565393863096, 0.7142687311518642, 0.10298834919861455, 0.7672888642113191, 0.9021255254760092, 0.5461820151235982, 0.95, 4.0, 0.5886936555261366, 0.7733144747702977, 0.48011524382585125, 0.0, 0.0, 0.3448810190313698, 1.1003525759756059, 0.4830644574010827, 0.58948, 0.6627194541142123, 0.22000000000000003, 6.0]",0.48772932570091504
"[0.6270730336138118, 0.5, 0.9270574028384811, 0.39138410751848246, 0.7647923421285524, 0.6489678343536309, 0.4098988761033924, 1.230880325366238, 0.28254307784326543, 0.95, 6.0, 0.5547260365599734, 0.8825436719090235, 0.3876410076165426, 1.0, 3.0, 0.44712168270398733, 0.6639806226404678, 0.4965826116014264, 0.90724, 0.7393356464059324, 0.22000000000000003, 8.0]",0.6982928569911331
"[0.772992706756558, 0.5, 0.6910595685062152, 0.5765513503096973, 0.3559341323940715, 0.20655952519118473, 0.7014591896709728, 1.1929200336342338, 0.5026961006240553, 0.25, 5.0, 0.5321460442161217, 0.9637737742736278, 0.2750308109363642, 2.0, 0.0, 0.368419571738416, 1.0364567705331218, 0.5886492880478491, 0.46436, 0.6210817589603247, 0.22000000000000003, 8.0]",0.4783167418292536
"[0.12844237194453811, 1.0, 0.9285672819523513, 0.8387275461949388, 0.01128634919381142, 0.17763416336942664, 0.702597989797372, 0.8502267873228005, 0.29837097084385766, 0.65, 3.0, 0.6591384547319508, 0.7983041596695565, 0.46807130453754703, 1.0, 0.0, 0.5438150633833232, 0.6575474964685463, 0.47050005886990187, 0.49748, 0.6271766594712662, 0.22000000000000003, 6.0]",0.5397753457142028
"[0.16350810131463123, 0.0, 0.11842012936178536, 0.9567442208055945, 0.19323976034733548, 0.5667336732506447, 0.668059139850574, 1.1153361520912766, 0.7171331291511456, 0.4, 3.0, 0.19329966971942056, 0.49417020154737756, 0.47745329132731906, 1.0, 1.0, 0.26284480004584976, 1.1774334796816952, 0.8990587065484645, 0.52476, 0.8891505423685357, 0.22000000000000003, 6.0]",0.6022221055266823
"[0.3143038634105819, 1.0, 0.23045205046714268, 0.4678400483333633, 0.6681656637979112, 0.3093027183924386, 0.8112230891172552, 1.1958717089284114, 0.5973356589893934, 0.4, 4.0, 0.6579973291582906, 0.7910405768074166, 0.44942552009643955, 2.0, 0.0, 0.7772723869132476, 0.8519687662956921, 0.7646009070166813, 0.97976, 0.5647302602021997, 0.22000000000000003, 8.0]",0.4327936145365175
"[0.7092465779557149, 0.5, 0.87634356427792, 0.564120483477963, 0.721201847911256, 0.598600835469657, 0.5239799692418734, 1.1441228301444986, 0.4914752118188697, 0.65, 3.0, 0.6595207563846194, 0.9121158595704152, 0.6484150688965484, 0.0, 3.0, 0.5990242530374243, 0.7759284546648064, 0.7059314619602298, 0.64324, 0.46919685422216206, 0.22000000000000003, 6.0]",0.4460327843570124
"[0.5042105399321736, 0.0, 0.4291775126207651, 0.44059435766224164, 0.17058023861707589, 0.13589351084939122, 0.7507929059276406, 0.785130615831811, 0.3794429563261744, 0.9, 7.0, 0.5154349446185154, 0.7883159111746495, 0.4587521394420537, 0.0, 3.0, 0.22944026462270883, 0.6009645754443254, 0.882263483203964, 0.9288, 0.5099913004283196, 0.22000000000000003, 7.0]",0.5797437646116744
"[0.48761204266561353, 0.5, 0.9885118834780353, 0.6575337680611677, 0.47103620246474204, 0.5851683788224186, 0.4873327077127506, 0.7575802691149097, 0.7756202459579222, 0.35, 5.0, 0.5720635386680022, 0.8290519921178162, 0.6045513070170063, 1.0, 3.0, 0.5302091771574547, 0.7136004341151814, 0.7432367241404096, 0.85836, 0.4576762519060295, 0.22000000000000003, 6.0]",0.7454142344320518
"[0.377916354488502, 0.0, 0.20023172555602908, 0.9489520712089521, 0.21410031527433793, 0.6339757647214009, 0.4642984952946859, 1.1564657560099287, 0.5124118511294099, 0.7, 3.0, 0.6114748525687604, 0.8139621431739156, 0.3309852216797627, 1.0, 1.0, 0.7954812456622082, 1.0882165537733988, 0.8680211876178721, 0.82908, 0.5808336266470027, 0.22000000000000003, 6.0]",0.5896862093459609
"[0.20894171643786752, 0.5, 0.7542005077742565, 0.638124578251287, 0.016920400790003766, 0.3831104966994343, 0.7224107592368771, 0.9436592887021099, 0.6101366271675399, 0.85, 7.0, 0.56884958500945, 0.9657047763698465, 0.38469295513321516, 3.0, 3.0, 0.2376124301310338, 0.9772537656756273, 0.6991510066994548, 0.70544, 0.7273940734207609, 0.22000000000000003, 6.0]",0.7211934873168887
"[0.8496896494612604, 0.0, 0.16276926004055448, 0.5828704315361708, 0.7553623864718649, 0.4844488502734782, 0.689692907246616, 0.77915586201346, 0.7518649861325188, 0.35, 4.0, 0.46897223363575513, 0.5379442335957939, 0.2785678846090006, 0.0, 1.0, 0.677547736537943, 0.6229184135037475, 0.7462807847421673, 0.57028, 0.5231008739195544, 0.22000000000000003, 7.0]",0.5140473714630412
"[0.8613709000203671, 1.0, 0.9196717101162437, 0.45978361544713114, 0.7325250851233154, 0.5357150635770964, 0.5042723255229903, 0.9279220693760182, 0.320461764243029, 0.5, 7.0, 0.5470983534656665, 0.9050359986010795, 0.6632162018264997, 1.0, 4.0, 0.7701312055472134, 0.8011498293281522, 0.5609441470497738, 0.97012, 0.8500186241836782, 0.22000000000000003, 7.0]",0.6059014212521934
"[0.6914211195524306, 1.0, 0.21380683324049166, 0.8192944300489442, 0.591194860209643, 0.19059664767153536, 0.6885313659985206, 1.1775271190393166, 0.3067114947746739, 0.2, 4.0, 0.4295095087234266, 0.7015987036796506, 0.1530296306881804, 0.0, 1.0, 0.25686055205172287, 0.6436994674911, 0.5176026853840179, 0.88584, 0.583518951210911, 0.22000000000000003, 7.0]",0.5962403095202384
"[0.6593672432670515, 0.5, 0.2842059079136513, 0.8035090599304098, 0.048386581132369245, 0.126524241138504, 0.6899200353542663, 1.0823128941587956, 0.5688649343452943, 0.65, 3.0, 0.48434437764022414, 0.7369534243223583, 0.38681316919681835, 1.0, 1.0, 0.31455384884827464, 0.651750990212085, 0.5787888181898123, 0.49676, 0.5637735554588286, 0.22000000000000003, 7.0]",0.7397992723771919
"[0.4428753162358582, 1.0, 0.7997626177110949, 0.5439617737170033, 0.1304537697970539, 0.25147216983922244, 0.8939640172367413, 1.1116601350373903, 0.619660746847037, 0.5, 5.0, 0.55328738260063, 0.6757862355750232, 0.5823552156048157, 1.0, 3.0, 0.6670624002025172, 0.6768542256163625, 0.6280116099911957, 0.5052, 0.5840602652854754, 0.22000000000000003, 7.0]",0.6796374333400672
"[0.563991219471676, 0.0, 0.006013339764502468, 0.6397492904437989, 0.44309660890403546, 0.0006001729984250636, 0.6610125085589844, 0.9269754327491643, 0.7728196402367717, 0.3, 5.0, 0.47014990228998793, 0.7517480334457292, 0.573167033043555, 1.0, 2.0, 0.5724032209253322, 0.7286156311933158, 0.5968644114498787, 0.54632, 0.6161531978726629, 0.22000000000000003, 7.0]",0.7110151859520917
"[0.7160914634963603, 0.0, 0.24339640551804775, 0.34790054401234904, 0.5890795135606782, 0.4477310756032958, 0.4646077675594672, 1.2214671611667227, 0.6161334665037458, 0.95, 6.0, 0.3853389477605695, 0.8575987835422689, 0.5333636253295883, 0.0, 2.0, 0.6663223850302369, 0.9837552650156235, 0.6373707567065063, 0.50364, 0.525685477207302, 0.22000000000000003, 7.0]",0.4423766585005772
"[0.7391558936044816, 0.0, 0.7729930553681189, 0.5382597985963744, 0.319715350927172, 0.021450915234414045, 0.6046178988904884, 0.7784159571145488, 0.7095734318186271, 0.2, 6.0, 0.47697867522930043, 0.9180349786454718, 0.41346045916661517, 1.0, 2.0, 0.692057913477444, 1.125062200262799, 0.4364226225654519, 0.4546, 0.7009379714157123, 0.22000000000000003, 7.0]",0.6398736406747687
"[0.5048257128155652, 0.0, 0.2646875032316144, 0.563273987496937, 0.1413326825834494, 0.6248706423111119, 0.777724112914933, 1.0811735562373668, 0.6511149764355206, 0.45, 5.0, 0.5880105388201814, 0.959882072108552, 0.5090091993128343, 0.0, 3.0, 0.24772152614828838, 0.7375962685931114, 0.699072418052382, 0.79636, 0.3738016153922464, 0.22000000000000003, 7.0]",0.5997538065328542
"[0.7096104686596032, 1.0, 0.033958109164239025, 0.31253680189607325, 0.04422547657735141, 0.6095333332267147, 0.8279400673933988, 1.0782657161081461, 0.33463286323623737, 0.95, 5.0, 0.6889639122218603, 0.9694816727758255, 0.5341594685062756, 0.0, 2.0, 0.42444275496260764, 0.9406110336920971, 0.7586467545837619, 0.51408, 0.6536436243602033, 0.22000000000000003, 8.0]",0.4729863353799742
"[0.675540532791734, 0.0, 0.8916975416206313, 0.3223259703195055, 0.10406872092356743, 0.24950890919370444, 0.8718658793456511, 1.137385677884934, 0.34537714972379036, 0.45, 3.0, 0.3296981719679619, 0.4957745755951165, 0.5506433808062017, 1.0, 0.0, 0.4125512990847906, 1.0422412551372862, 0.8400665614440657, 0.69956, 0.4072506612405493, 0.22000000000000003, 6.0]",0.4217255950500907
"[0.13368517823754528, 0.0, 0.3745491566441669, 0.3984182173227933, 0.2899903923254607, 0.5174705052208427, 0.7602642670007694, 1.1067247449341586, 0.512132047732305, 0.95, 4.0, 0.5067719950750862, 0.597033133018579, 0.15943061414550477, 1.0, 1.0, 0.3288438596503243, 1.0409342950157447, 0.8125127446858669, 0.81868, 0.7993788913294457, 0.22000000000000003, 7.0]",0.6411291036133637
"[0.24144923275692812, 0.0, 0.9752422866619264, 0.7487155539800201, 0.6705756884392533, 0.3911740569230173, 0.3496964878707055, 1.114308967648915, 0.5041515103815148, 0.15, 3.0, 0.17412475611104794, 0.3369427625326882, 0.21813164776080304, 0.0, 2.0, 0.2216572634598837, 1.1917787287061055, 0.5158080277439027, 0.98392, 0.4747543067477885, 0.22000000000000003, 8.0]",0.4607960525831406
"[0.6399503282751069, 0.0, 0.7855354361022039, 0.9746193294995109, 0.5383069848563762, 0.4533509241765355, 0.30656220449196725, 1.1400717448377526, 0.39691021543051397, 0.85, 4.0, 0.36709722432697794, 0.9307158046434815, 0.5714580194421768, 0.0, 2.0, 0.6193003829403992, 0.7009304081654255, 0.41917178355260953, 0.83996, 0.7688220920083615, 0.22000000000000003, 8.0]",0.4878045825619801
"[0.8019689471059827, 1.0, 0.8528849296203694, 0.6923145246569496, 0.7447219522181548, 0.5989382516903538, 0.35301852465215605, 1.2905839725630286, 0.31507918301831994, 0.15, 5.0, 0.3496793104765438, 0.940969400091492, 0.4378096599708276, 3.0, 0.0, 0.3257809150458555, 0.6476660560680454, 0.7819450650402694, 0.72596, 0.891962076796486, 0.22000000000000003, 6.0]",0.4857439858025619
"[0.2723564137892559, 1.0, 0.5845536508542293, 0.26412160081568103, 0.6111416884172023, 0.317091561966338, 0.6428491309189628, 1.1812792546306774, 0.5471809934667817, 0.3, 5.0, 0.389066883808418, 0.586094613151136, 0.7505101076545722, 2.0, 2.0, 0.5284356133544338, 0.7914740690863352, 0.6853361485724399, 0.79136, 0.44511918335216616, 0.22000000000000003, 8.0]",0.7065696636572076
"[0.5607384979142965, 0.5, 0.3753652241505281, 0.6477121684808356, 0.24588667121093666, 0.308532291057703, 0.6660400311891836, 1.08548557857049, 0.542179733855312, 0.9, 6.0, 0.5330075874421872, 0.7845992838485831, 0.5101631154174572, 0.0, 2.0, 0.5077165692699821, 0.9689325417251737, 0.6855910373549303, 0.45116, 0.5440293294875964, 0.22000000000000003, 8.0]",0.4579276669139178
"[0.8488412906082027, 0.0, 0.46750937303885454, 0.6964919312605939, 0.791706782209668, 0.00792630426785077, 0.8944389119469573, 1.2514002703931277, 0.40067338513647766, 0.6, 3.0, 0.11946216893257737, 0.1878794975001007, 0.46562324635528124, 0.0, 3.0, 0.31537172405661695, 0.6612184615977102, 0.6428320159036593, 0.96616, 0.7282557739994107, 0.22000000000000003, 8.0]",0.4829239599312493
"[0.8368277800327552, 0.0, 0.12987760277754223, 0.31298048189285804, 0.1442646211528806, 0.17027395849514673, 0.47822321821166136, 1.249267691619794, 0.6161611390607784, 0.55, 7.0, 0.4975263904860432, 0.7824056671997036, 0.3361910600393075, 2.0, 1.0, 0.6979202224075316, 1.1827093966141278, 0.4255901805086482, 0.68472, 0.7797458275540021, 0.22000000000000003, 7.0]",0.5914160402118922
"[0.8775667318598634, 1.0, 0.8640798158034935, 0.6861286510917255, 0.5785655325867074, 0.6917960018709253, 0.8827547243437208, 1.180526063167615, 0.7697927453417133, 0.9, 5.0, 0.4459336612487288, 0.9210168496955891, 0.6386790191261579, 1.0, 0.0, 0.593195952561551, 0.7605803367865753, 0.5537340308737555, 0.5254, 0.8273091736139322, 0.22000000000000003, 8.0]",0.47401653910880936
"[0.8008114822420102, 1.0, 0.8597927872087406, 0.9350992461967369, 0.34133626959181795, 0.4500536020113881, 0.47092448951942123, 1.1585400859873358, 0.26145000584863287, 0.45, 4.0, 0.5639061319752083, 0.7414827610082836, 0.44299575302081956, 1.0, 0.0, 0.49748536341861016, 0.9510757952536248, 0.7232126854739689, 0.93324, 0.7332883805127788, 0.22000000000000003, 7.0]",0.4448504916391513
"[0.2822470546936895, 1.0, 0.4566605195550689, 0.9950873123392432, 0.12583423455813803, 0.0016120373041709323, 0.5247554630852186, 1.1099682108430597, 0.45278428936470094, 0.2, 5.0, 0.5092039089278904, 0.905696744888175, 0.7139749366482391, 0.0, 4.0, 0.5467557732220405, 1.1076786083290133, 0.7081341804345478, 0.532, 0.38624647127633793, 0.22000000000000003, 7.0]",0.46361419701352785
"[0.5362745335852002, 1.0, 0.11294127934960596, 0.6121181718059558, 0.7696273590704634, 0.6896918514105221, 0.49727487258770475, 0.874811216671051, 0.22751662409671647, 0.3, 3.0, 0.48674372899088175, 0.6161358708743322, 0.3580602312222115, 1.0, 1.0, 0.36939190000314, 0.8533404248635721, 0.5083391486739943, 0.98552, 0.862920609751255, 0.22000000000000003, 7.0]",0.6715073543709592
"[0.4604628556696294, 0.0, 0.04571090968514635, 0.32274645139779956, 0.08834535787537812, 0.4876104980955801, 0.38439912923740205, 1.2535866163953964, 0.666632332125985, 0.75, 3.0, 0.5473222087712023, 0.876973255448867, 0.490739366350006, 0.0, 1.0, 0.22988100475271347, 0.7803210191788466, 0.43441328768434173, 0.97852, 0.5292908370520213, 0.22000000000000003, 8.0]",0.5499321362993584
"[0.6107236424057816, 1.0, 0.40735758207882267, 0.4983740356548861, 0.7842370251222197, 0.5638794164842845, 0.7353137887968613, 1.0892371495760376, 0.30255447968260357, 0.2, 6.0, 0.5408107234263607, 0.7156406007801211, 0.41115777115794666, 1.0, 2.0, 0.5489983063163416, 0.6314585066537691, 0.647396249956623, 0.52632, 0.3638435355797907, 0.22000000000000003, 8.0]",0.7689917525853558
"[0.7740461073072006, 1.0, 0.5588899022678077, 0.793205210705501, 0.45745284893067883, 0.22012394803138857, 0.7127075299260146, 0.8340598112447399, 0.7319260900864804, 0.55, 3.0, 0.6377821123228667, 0.8363849564400397, 0.5828061140906989, 0.0, 2.0, 0.7123250065129332, 0.9952630351481042, 0.874635757053559, 0.81204, 0.4153985077596919, 0.22000000000000003, 7.0]",0.4139950009956346
"[0.6481555380604768, 0.0, 0.5905736862731041, 0.2934598140403233, 0.3324079271902048, 0.4267510415669112, 0.401502372813529, 0.9500747753525687, 0.5587739648964536, 0.4, 5.0, 0.6880598747392904, 0.8960983747441171, 0.37861567004178465, 1.0, 2.0, 0.7593345719831779, 0.8995451088439571, 0.7228674437879801, 0.72332, 0.4378223958077132, 0.22000000000000003, 8.0]",0.6544068256898404
"[0.4558721029819621, 0.0, 0.4304549752055944, 0.6035607769566882, 0.6424192768410735, 0.11770760432329612, 0.8777945436716392, 0.7756138274988318, 0.33619630310006143, 0.3, 3.0, 0.6843653079320737, 0.8888989396716706, 0.4137316077101552, 1.0, 0.0, 0.6055131964649547, 0.9379032541031214, 0.7486510085073124, 0.89344, 0.31459734840291825, 0.22000000000000003, 7.0]",0.4574828709666187
"[0.5123560071504597, 0.0, 0.24266088372742312, 0.9850269622218684, 0.025729634187827435, 0.08475407264364168, 0.5581670251780402, 1.0237275797532832, 0.2172890866961032, 0.15, 3.0, 0.40030705071285283, 0.5190811998570769, 0.5909109261781825, 1.0, 2.0, 0.5494253387923883, 0.8807321139361798, 0.7154012940111694, 0.94168, 0.6752820066903467, 0.22000000000000003, 8.0]",0.6190433082417296
"[0.8315335534805683, 0.5, 0.5407522667389497, 0.45322858015656764, 0.6815462522905941, 0.11196041896627024, 0.8954015108205025, 0.7608011902372434, 0.6108275679393611, 0.75, 5.0, 0.4694611654886217, 0.742941682424615, 0.6370601894441084, 0.0, 2.0, 0.4830821808182745, 0.7456241905190218, 0.8051716044639341, 0.728, 0.6907767895540142, 0.22000000000000003, 6.0]",0.5152849642874686
"[0.6402531039965111, 1.0, 0.7806675451728391, 0.9791094237541882, 0.48707427974699286, 0.617413235154302, 0.830049693830365, 1.2084928097020402, 0.2051290303555689, 0.7, 7.0, 0.4504751611652429, 0.9231065308097, 0.6051038034127634, 0.0, 3.0, 0.4300820105032864, 1.1060405152896882, 0.7168893772291343, 0.9746, 0.6906675885954832, 0.22000000000000003, 6.0]",0.4093939060171688
"[0.3046287728429703, 0.5, 0.4188312199650317, 0.650872630254612, 0.17067864243264508, 0.14370591993327794, 0.6994382813441534, 0.8791742639242444, 0.293158251045694, 0.25, 3.0, 0.7695902120880712, 0.9448003070864552, 0.46170077234116774, 1.0, 1.0, 0.454795549650766, 0.9983818737969139, 0.43167554267024344, 0.52112, 0.6874829547093924, 0.22000000000000003, 8.0]",0.6563079843494753
"[0.12028979124353995, 1.0, 0.23387190457548157, 0.9072618151926817, 0.30749634390905883, 0.29979978058957696, 0.8576836843111599, 1.226756292176158, 0.2131124888946528, 0.35, 7.0, 0.4136372241791332, 0.9891993312396993, 0.22194485657224497, 2.0, 2.0, 0.25514209665114224, 0.7579980469063795, 0.6425665054887177, 0.925, 0.5879804685418621, 0.22000000000000003, 6.0]",0.6854991717613288
"[0.6380673931250058, 1.0, 0.4430692901911335, 0.5386150575128231, 0.5095213940020934, 0.1372521738963535, 0.6609207696080068, 0.7522398695396869, 0.6573844727983393, 0.65, 5.0, 0.6850758029414379, 0.947869243354273, 0.494835443786072, 2.0, 1.0, 0.5393995372688858, 1.147584218472612, 0.49969729297227083, 0.98124, 0.32215666481081523, 0.22000000000000003, 6.0]",0.7049691366163352
"[0.490423313188587, 0.5, 0.22278740607612546, 0.6859562514788091, 0.6599820062604745, 0.3372165697897289, 0.7280884418497975, 1.2249866855544842, 0.29822428633956055, 0.95, 7.0, 0.3621109638402844, 0.7815218858235189, 0.4691740837993717, 1.0, 2.0, 0.235524117886584, 1.0237317388713745, 0.4652315440332886, 0.9046, 0.5814185243740992, 0.22000000000000003, 6.0]",0.6614295995595308
"[0.46694065559500497, 1.0, 0.4698658028324596, 0.42300561209517434, 0.038820259494985444, 0.4892673641974873, 0.3057006068152576, 1.213142076792992, 0.7145499419892862, 0.85, 6.0, 0.5952907152307333, 0.8864328603150413, 0.5527871717862202, 0.0, 1.0, 0.5107769875434258, 1.0518868068173346, 0.6586712945616943, 0.5422, 0.7202522395414892, 0.22000000000000003, 6.0]",0.4405434692696414
"[0.503024486966517, 1.0, 0.7945742171821994, 0.8864149401986072, 0.35146451163077685, 0.49313122914816415, 0.5178791528006756, 1.0659930775512478, 0.4763983629505913, 0.95, 3.0, 0.5009199043783222, 0.9965928068724659, 0.3480577748184906, 0.0, 1.0, 0.2098300720567778, 0.847764903280126, 0.7620127632844833, 0.78228, 0.4323641003565498, 0.22000000000000003, 7.0]",0.5116625734292444
"[0.38053533320637356, 1.0, 0.4517528417860448, 0.8940982472312058, 0.3466667956527718, 0.3776711583554976, 0.4636890458652046, 0.7047448713790799, 0.7856811103063293, 0.25, 3.0, 0.5109697214184559, 0.8271090702787307, 0.6271436031775924, 0.0, 1.0, 0.6036757939375821, 0.692970691141155, 0.7655648049280035, 0.4588, 0.7242043832574063, 0.22000000000000003, 7.0]",0.46343028677167913
"[0.3115895102726103, 0.0, 0.7165090087449588, 0.8621355379930071, 0.24565720403107028, 0.23916848571706587, 0.47793002135850204, 0.8989795844208546, 0.38127905913071314, 0.3, 3.0, 0.7152389804753811, 0.8601623966133898, 0.4267947458417532, 0.0, 0.0, 0.5453589001062955, 1.1343146641168373, 0.6022284626283696, 0.84052, 0.35965799517641117, 0.22000000000000003, 8.0]",0.43747356317892383
"[0.5565799204613742, 0.0, 0.9570542741198719, 0.9361948716173483, 0.727500167947452, 0.5224571182099979, 0.6391480230843325, 1.1877390348142955, 0.5525528137845918, 0.6, 7.0, 0.4601036289736671, 0.9593439647529998, 0.7107512427565946, 3.0, 2.0, 0.6774379408935343, 1.1520586982389331, 0.7439409667024038, 0.59044, 0.7448194323814472, 0.22000000000000003, 7.0]",0.6301348230481725
"[0.8155400033366409, 1.0, 0.5639622613948909, 0.78303234367303, 0.3742038492107234, 0.4977514702037665, 0.5891178502714549, 0.9391445515138782, 0.21122401886180345, 0.9, 6.0, 0.6558525836822332, 0.970626619238897, 0.3866118916050871, 0.0, 2.0, 0.3015629104503539, 0.6202362561715041, 0.7082098789831822, 0.63356, 0.563391774311425, 0.22000000000000003, 6.0]",0.5912998290828899
"[0.18659703669583314, 1.0, 0.1897968299121754, 0.2684581753374322, 0.08316504980486475, 0.43793384800118385, 0.5907871280390106, 0.8880426619254834, 0.763151292813673, 0.55, 3.0, 0.226266526443487, 0.4848044241823004, 0.5326776277080704, 1.0, 0.0, 0.6522844640891937, 0.9955057089705734, 0.8412911631949205, 0.52644, 0.8743566000060072, 0.22000000000000003, 7.0]",0.44575128203643816
"[0.3565195809713244, 0.0, 0.8576724746638861, 0.8819304250999449, 0.024308591427290163, 0.34904407751492006, 0.8378614106916027, 0.9996594486007044, 0.4099376451679232, 0.7, 5.0, 0.5764811947118453, 0.7579633999493559, 0.54244443104014, 2.0, 1.0, 0.6382675768301157, 0.6150138281850388, 0.45632333398829195, 0.69324, 0.4710687276559031, 0.22000000000000003, 7.0]",0.763724675214858
"[0.5947644699481954, 1.0, 0.31629703952814114, 0.4903762880346869, 0.7711048712685136, 0.676251044083746, 0.4612506988877024, 1.060828050055785, 0.5766460873424579, 0.9, 3.0, 0.35423694926228233, 0.6096093584655389, 0.5893703187892646, 0.0, 1.0, 0.6861053410523078, 0.8651905577704138, 0.4531813309470582, 0.83096, 0.4038749365444689, 0.22000000000000003, 8.0]",0.4582156510308646
"[0.5784020819382442, 1.0, 0.45768191754523835, 0.8378515394495782, 0.24476168501950124, 0.16007428389629452, 0.5850336340332665, 0.8280677053113069, 0.3633061051767924, 0.7, 3.0, 0.6818042430728681, 0.8229202795909795, 0.6909846710228201, 0.0, 1.0, 0.2600409887313167, 1.0959697397115478, 0.8314692088550515, 0.84816, 0.820573108362328, 0.22000000000000003, 7.0]",0.4259537707072564
"[0.19675390265697362, 1.0, 0.07745503259786224, 0.9947777032197065, 0.249394599413208, 0.30035839756964894, 0.5141303641920955, 1.1752491097286577, 0.33414515387955634, 0.65, 5.0, 0.587963454769828, 0.8984061112809765, 0.550067768423597, 2.0, 2.0, 0.6511810620139199, 0.9728388156631653, 0.6776650211514588, 0.89864, 0.4440483625829379, 0.22000000000000003, 8.0]",0.6493173285947457
"[0.48115611161726535, 0.0, 0.12109877056232254, 0.3449775251791496, 0.6843134632730847, 0.5916007609600873, 0.6360853860018583, 0.7694000873888422, 0.631169181925189, 0.5, 3.0, 0.5446467001145557, 0.6507213257512565, 0.8117374187279923, 0.0, 1.0, 0.4797544880553627, 0.9372510950537314, 0.4929827700788544, 0.55928, 0.5162350221550209, 0.22000000000000003, 7.0]",0.5072262960750825
"[0.30330487579793186, 0.0, 0.4799514493047383, 0.7284016293276976, 0.6474098696405268, 0.5404553022349194, 0.8666573672358908, 1.1904641111593892, 0.7382907164362986, 0.3, 3.0, 0.5197052188156266, 0.7483128733254465, 0.456960661504852, 1.0, 1.0, 0.5643924793647811, 1.077480817516612, 0.8955923403328812, 0.97536, 0.6689920660150784, 0.22000000000000003, 7.0]",0.5848891318763836
"[0.8530979724482848, 1.0, 0.3096902361639141, 0.8557219212417981, 0.10642432035333843, 0.47191284346694173, 0.7354252166173142, 1.0536221667733892, 0.5915069527078086, 0.55, 5.0, 0.4199752367682857, 0.6953264463745794, 0.6046938322688786, 0.0, 2.0, 0.25182790441310177, 0.7975224423269092, 0.8045727088098397, 0.98948, 0.33804494459773204, 0.22000000000000003, 7.0]",0.5691941782840326
"[0.7046491909788278, 0.5, 0.5599615596736157, 0.5108081087043377, 0.7208891868591984, 0.3911542667544277, 0.5437120019178194, 1.117086153985539, 0.34594964059098243, 0.9, 6.0, 0.49432116342171034, 0.8115344848409476, 0.3822392744289285, 1.0, 3.0, 0.788890834284941, 0.8295532806634045, 0.8665593762892333, 0.4122, 0.6943908773520074, 0.22000000000000003, 7.0]",0.6232735959590638
"[0.6025418463130975, 0.5, 0.2193126211508074, 0.6975613568467496, 0.5149481023958419, 0.3864579862033829, 0.629945584691296, 0.7215804477955702, 0.3908610641188886, 0.95, 3.0, 0.8937028988570188, 0.9479989944926628, 0.6016842131033566, 0.0, 1.0, 0.35485859088342697, 1.0547287826132692, 0.4431518904318894, 0.72924, 0.3612024640641327, 0.22000000000000003, 7.0]",0.5609525918494324
"[0.8632497367932799, 1.0, 0.24626394388034378, 0.5371926807494967, 0.01627287482936293, 0.5717415796808722, 0.7648744155244376, 0.8645734597877965, 0.5106985759425463, 0.4, 7.0, 0.4803754316681858, 0.9734009339865417, 0.5074784408602495, 0.0, 2.0, 0.5421970879526061, 0.943963538330549, 0.7222059799383027, 0.89416, 0.30042453081245035, 0.22000000000000003, 8.0]",0.46415766197430636
"[0.24936845841110689, 0.5, 0.6807629248779103, 0.8165372247985241, 0.7773019228744644, 0.3599311143985841, 0.4046461422233419, 0.8440009627900826, 0.25687029715881626, 0.15, 3.0, 0.6713907564542004, 0.8380406454455439, 0.3845800098469337, 0.0, 0.0, 0.277637894937485, 0.8801256508982156, 0.6389078224187792, 0.87192, 0.49519121199736593, 0.22000000000000003, 6.0]",0.5374971016190241
"[0.5221327114423941, 0.0, 0.6532268111873809, 0.8290937945111077, 0.5849346583992706, 0.5819349911859726, 0.8253185959974927, 0.9897124003767992, 0.27513474887609746, 0.9, 7.0, 0.41161384882644253, 0.7526034450758355, 0.6776691329444419, 1.0, 0.0, 0.756713608221899, 1.177407857889591, 0.6126209944685013, 0.76424, 0.7447013069979922, 0.22000000000000003, 7.0]",0.40403859081458104
"[0.42672778972845504, 0.5, 0.6804960054549879, 0.35387377981756674, 0.14410233049888996, 0.011101716788141435, 0.6431244740590415, 0.9716516380055882, 0.3557727574101993, 0.5, 6.0, 0.44198015746227926, 0.7543435906092583, 0.5890371907807214, 0.0, 1.0, 0.6566784578787885, 0.8850317691169423, 0.791621805566326, 0.52316, 0.43909394214565123, 0.22000000000000003, 8.0]",0.4559787637468126
"[0.8273087377499649, 0.5, 0.990009432837034, 0.8347307115702622, 0.06891132990841742, 0.27531542937896303, 0.3634715916484485, 1.192238564985407, 0.26437051994313376, 0.3, 4.0, 0.554528402844521, 0.9360238871116856, 0.31215561222226296, 0.0, 2.0, 0.3325257157131045, 1.1461021661305655, 0.7409254123509047, 0.8176, 0.5481138462146035, 0.22000000000000003, 6.0]",0.44789294537543023
"[0.7163978939061769, 1.0, 0.11524159286566193, 0.6637098763423502, 0.04132916488412315, 0.09632400711156408, 0.8109524529523469, 1.2485829038007106, 0.5012162084675841, 0.35, 5.0, 0.5357199266145404, 0.9131800369247086, 0.4644169527881874, 1.0, 2.0, 0.31282410116005516, 0.7910970888407945, 0.5835490876908597, 0.54608, 0.632744671260282, 0.22000000000000003, 8.0]",0.7121264945137621
"[0.2745863030936578, 0.5, 0.2475885675572077, 0.6872597918876286, 0.3452741994630093, 0.14132734402250935, 0.37465588305908565, 1.071529556436544, 0.7200011207571104, 0.45, 4.0, 0.609032202450518, 0.8278504822145546, 0.4246489786336063, 0.0, 2.0, 0.4812778461301058, 0.8083242776758934, 0.49489782829073364, 0.49656, 0.79529733351739, 0.22000000000000003, 8.0]",0.48691356136022057
"[0.34422846615418823, 1.0, 0.6986268642631005, 0.5553839105602167, 0.4211656842567202, 0.20886755080983066, 0.540509877677713, 1.1252756211473072, 0.45467235872293654, 0.9, 7.0, 0.5090209708997775, 0.644661197382565, 0.5914201768464046, 0.0, 3.0, 0.3587495903928247, 1.1659669087856828, 0.6690127445516483, 0.74592, 0.5023187296248057, 0.22000000000000003, 7.0]",0.4233248557387476
"[0.3651386628960128, 0.5, 0.15012765394007233, 0.6788672297694178, 0.45277855307418663, 0.5501590366757634, 0.4807785394882986, 1.1184037844942933, 0.4394881371157022, 0.6, 7.0, 0.5225651755643018, 0.9780640484250096, 0.3449961618941511, 2.0, 1.0, 0.7987125381526714, 0.892217756137192, 0.7515878416188801, 0.8514, 0.4883479338983848, 0.22000000000000003, 8.0]",0.5961111646298288
"[0.20964884678740658, 0.5, 0.7123664373738472, 0.259736081604882, 0.0100251270897334, 0.037323062965988626, 0.7451096751945494, 1.1354152400206452, 0.6575536412712659, 0.35, 6.0, 0.49021271053975113, 0.9554206555085943, 0.4583896520507298, 3.0, 1.0, 0.35685523907262584, 0.699741927012785, 0.5718474741797761, 0.49136, 0.579008292064277, 0.22000000000000003, 8.0]",0.7301824781514371
"[0.8361512070926164, 1.0, 0.07210859725154106, 0.6926095896830404, 0.7826660703605792, 0.5504384021170204, 0.8897418905126704, 0.8676941999627643, 0.45817699622293256, 0.65, 5.0, 0.3397441150128085, 0.7020444523541145, 0.37978750062663946, 0.0, 2.0, 0.7799127036895501, 0.8711432408360844, 0.4259528815576523, 0.95276, 0.4429148033520498, 0.22000000000000003, 8.0]",0.5081735833686164
"[0.6588189940902593, 0.5, 0.9960936073162384, 0.33055597178550294, 0.3501071217127938, 0.6846627532701025, 0.41263395314766915, 0.9637266408342791, 0.5608935370358141, 0.5, 5.0, 0.39222940218279356, 0.6147658818420555, 0.5647645915840986, 2.0, 2.0, 0.2182613482774373, 0.8392952070406842, 0.8113570031724999, 0.91664, 0.8975712438059902, 0.22000000000000003, 6.0]",0.6865729690074984
"[0.8388333574941333, 0.0, 0.05268725911107375, 0.45148697957366046, 0.2665038156142942, 0.4559140123802057, 0.7743349761845227, 1.043605785182761, 0.638245488556489, 0.95, 5.0, 0.4396309724628352, 0.7703171954968409, 0.5084247327189383, 1.0, 1.0, 0.5164244055532969, 1.1362398391635093, 0.5456157806267916, 0.749, 0.33993314713222156, 0.22000000000000003, 8.0]",0.6712126942078399
"[0.4138788353706432, 1.0, 0.8057897344405203, 0.6420159419091787, 0.4686777304208765, 0.5582485068800876, 0.7789619674739967, 0.9320634993532575, 0.7018742034208054, 0.2, 3.0, 0.3129013320967691, 0.8149490970463362, 0.4070763668833881, 1.0, 2.0, 0.6647175677400744, 1.1722125415599276, 0.8697512932559961, 0.71588, 0.5134946815208246, 0.22000000000000003, 7.0]",0.5920752042039705
"[0.8569426992163, 0.5, 0.156385667833549, 0.9704803378791518, 0.7694031355571028, 0.2271418352315835, 0.6264028167488009, 1.0992114310719225, 0.2502259385646829, 0.2, 6.0, 0.5043259522348239, 0.9125302076340684, 0.7315039283511321, 1.0, 2.0, 0.4920247025086761, 0.9839523305337154, 0.5568348696904527, 0.49036, 0.44221093852996607, 0.22000000000000003, 6.0]",0.6666134674678932
"[0.23497975033674773, 0.0, 0.6459808332938981, 0.5943542814729821, 0.2219359507765474, 0.17809074539276298, 0.4078871059802928, 0.7311173451357144, 0.386455480912946, 0.5, 4.0, 0.17318467759792952, 0.2712342282374657, 0.4894476671301726, 0.0, 3.0, 0.23860954774294157, 0.9540667926592277, 0.5279841300971222, 0.64396, 0.7793886666910048, 0.22000000000000003, 6.0]",0.5550839707217374
"[0.8756723585529788, 0.0, 0.6821866551416775, 0.9957774136297899, 0.26734260289023093, 0.5592677073871616, 0.4446671447210138, 1.2445749392518926, 0.5213313947213385, 0.15, 5.0, 0.527429444604366, 0.9873238819011515, 0.5530623681783597, 2.0, 1.0, 0.2545933538054946, 0.9846399055096329, 0.7194665480874793, 0.843, 0.550477669535165, 0.22000000000000003, 6.0]",0.6752161974184323
"[0.679139647010889, 0.5, 0.11830476059157624, 0.997701004675297, 0.2445441842824895, 0.5207917219654296, 0.6861868551328105, 1.16293379779117, 0.6631640780287202, 0.55, 7.0, 0.3026192288189543, 0.6704459998820703, 0.47352681871132696, 1.0, 3.0, 0.6443220897742438, 0.9532582818819743, 0.8982898953115188, 0.9696, 0.33709442193058486, 0.22000000000000003, 7.0]",0.597826783076536
"[0.24303901756738855, 1.0, 0.3126491779734314, 0.32829915336776844, 0.19907787304546964, 0.04413230339818186, 0.35175109421074635, 0.945592952267174, 0.3290432518971848, 0.9, 3.0, 0.5345899628768761, 0.8474322137201514, 0.25021191052124037, 1.0, 0.0, 0.658597327236832, 0.7539606591846438, 0.6438857390766441, 0.74468, 0.6471249434188653, 0.22000000000000003, 6.0]",0.44241489628688313
"[0.23487360651666594, 0.5, 0.2859632739252962, 0.7451508569264782, 0.3704869322433231, 0.0026890931623355318, 0.3282470765372942, 1.0064632302898318, 0.4761546352952334, 0.75, 3.0, 0.38449317691148616, 0.49731685371583434, 0.3756166697919321, 1.0, 1.0, 0.44082335853831756, 1.1420329453628273, 0.4270876825173385, 0.85376, 0.8213192559450184, 0.22000000000000003, 6.0]",0.611835022881229
"[0.16432851153099187, 0.0, 0.24834375460542968, 0.4531656709428867, 0.2583437021084947, 0.6875496549339972, 0.8055945278414884, 0.8345654827052295, 0.32077529611621497, 0.75, 4.0, 0.6339880297849112, 0.940923829293691, 0.5135004821058544, 1.0, 0.0, 0.7741248832210677, 1.0982266337360576, 0.8887306537272187, 0.97464, 0.3987677493186308, 0.22000000000000003, 7.0]",0.43803888189860907
"[0.891329142353224, 1.0, 0.808440212587274, 0.2922344108495722, 0.012304540105053352, 0.3220295216783728, 0.7648242242751566, 0.82908351420803, 0.28379373040454814, 0.55, 4.0, 0.45735615597548795, 0.9131329605614897, 0.5719308115449264, 1.0, 1.0, 0.6650872854066116, 1.1095247849122671, 0.5553958158205383, 0.53596, 0.8457283730108494, 0.22000000000000003, 7.0]",0.6286472215181537
"[0.12147638459327892, 1.0, 0.6579366764443499, 0.31975343954364227, 0.36641491521658404, 0.027786517229111428, 0.6319355107530462, 1.1790496574541267, 0.5624802611950676, 0.85, 3.0, 0.3980458698513154, 0.7562695174437113, 0.6114616924780166, 2.0, 1.0, 0.42424583960540524, 1.0206072491691636, 0.8903508991878233, 0.6736, 0.8082976501890873, 0.22000000000000003, 8.0]",0.6382811094696621
"[0.8752245469667447, 0.0, 0.5852775142436679, 0.9517614222521111, 0.12944127067578545, 0.2143929544996358, 0.8828267329285644, 0.7852093424759132, 0.2524373096973721, 0.5, 5.0, 0.5291296458506408, 0.8342244277935084, 0.7921224713392707, 0.0, 1.0, 0.33060001074887313, 1.0391305782554783, 0.7910138798623878, 0.45144, 0.8004101168432747, 0.22000000000000003, 8.0]",0.4795962767421111
"[0.10150931586490311, 1.0, 0.10051541916624362, 0.36989110441973394, 0.6809790744859264, 0.524639896551653, 0.5654748220080722, 0.9558345807449695, 0.20864833496754395, 0.75, 3.0, 0.5214319689270254, 0.809535166964377, 0.48391350505976716, 0.0, 1.0, 0.5890243659775701, 0.7156832999790897, 0.8802210264653807, 0.45736, 0.630443828027846, 0.22000000000000003, 7.0]",0.4316422222652594
"[0.8851469831957277, 0.5, 0.741088624716737, 0.804748886527543, 0.2826260369455475, 0.680763722631592, 0.756318419752644, 1.1779133232257788, 0.3595099788038849, 0.2, 7.0, 0.4975555172509077, 0.9920478767289571, 0.5756694861724654, 0.0, 2.0, 0.6966121858252297, 1.095862108891071, 0.4134642074389938, 0.54388, 0.6747244100185508, 0.22000000000000003, 7.0]",0.4099905612351339
"[0.7951940127706107, 0.0, 0.10505705987583636, 0.9752666898988944, 0.0661073945822852, 0.274046137879559, 0.39055960584651955, 1.2416465013037774, 0.3561276480575751, 0.2, 3.0, 0.6394055297099578, 0.9748337714651493, 0.5890669898289236, 0.0, 1.0, 0.7819282292724332, 0.8611293794264498, 0.4673171732637494, 0.76624, 0.7218314682736842, 0.22000000000000003, 7.0]",0.4118699167792426
"[0.8436290916899746, 1.0, 0.42702080528586495, 0.5652950925523108, 0.40489824280242614, 0.35729941748233224, 0.4293628975676625, 0.803029954211852, 0.3264920787974294, 0.8, 6.0, 0.6873047099345642, 0.9773294916053971, 0.44930496151467714, 0.0, 0.0, 0.22334681800341483, 1.1037131830638824, 0.6315741869001628, 0.74912, 0.5292528966117453, 0.22000000000000003, 8.0]",0.5256623345871639
"[0.3300727756542539, 1.0, 0.7211927776096679, 0.5517962304035239, 0.3234665155337371, 0.5496736487108639, 0.792663223651494, 0.9522839648134906, 0.30659135055094, 0.6, 4.0, 0.5069923130382237, 0.7898796615546486, 0.509803456173045, 0.0, 3.0, 0.5533059322660243, 0.8651419691994728, 0.8123142844612079, 0.41612, 0.49044027140468205, 0.22000000000000003, 8.0]",0.46625990736997963
"[0.752843172460211, 0.0, 0.06072310276051773, 0.49804479290894377, 0.5761470683951474, 0.6445051796008235, 0.611020562236439, 0.8012296826358769, 0.33770390274477136, 0.85, 6.0, 0.5276165236161815, 0.9493776749417305, 0.2166967762185484, 2.0, 4.0, 0.3729984541244789, 0.6137095051673008, 0.6251598836980632, 0.8384, 0.5725226561755477, 0.22000000000000003, 6.0]",0.9394145064352406
"[0.7467913254872366, 0.5, 0.35538109478935076, 0.8576911549899082, 0.5602389153558457, 0.3658403040851385, 0.8936241712067081, 1.277194468725884, 0.7545438305848606, 0.4, 6.0, 0.5430267027051042, 0.888297932029122, 0.64445269440622, 1.0, 2.0, 0.22835154657088924, 0.9807386368547686, 0.8900727893561058, 0.41208, 0.3791471490485817, 0.22000000000000003, 8.0]",0.6558823676086957
"[0.10231037378164896, 0.5, 0.6120788058028406, 0.36369709698372577, 0.1708991800370507, 0.4798278884706415, 0.44345628398259285, 1.1384653363566368, 0.47993893338222576, 0.8, 5.0, 0.5400534472403616, 0.9909207552338708, 0.4850256366171769, 0.0, 3.0, 0.6793822387707245, 0.9565200763918615, 0.5078479611159161, 0.40272, 0.3021168352796481, 0.22000000000000003, 8.0]",0.4860342138909781
"[0.4635167953889596, 0.0, 0.011770524617452871, 0.5070601902804076, 0.6806681115358748, 0.28656003217986703, 0.3375797433504037, 0.7034424180270703, 0.5863547217297667, 0.9, 6.0, 0.5339434664891561, 0.972827311983714, 0.5599390029382217, 3.0, 0.0, 0.21334826834150308, 1.084857123179253, 0.5487910446810178, 0.55888, 0.8997725172789568, 0.22000000000000003, 7.0]",0.5092755461795349
"[0.6244656523990153, 1.0, 0.7918027233049723, 0.9564350138878495, 0.7473955791613325, 0.43929475962215436, 0.472052728525447, 0.7264122750775786, 0.5960375142810909, 0.6, 3.0, 0.38350688333740957, 0.5703407663245629, 0.3471596779665811, 0.0, 1.0, 0.723583474253797, 0.6341746907099054, 0.41291922099816797, 0.45388, 0.8418482167755428, 0.22000000000000003, 7.0]",0.49516298503322465
"[0.7538028803092526, 1.0, 0.6995605859811205, 0.47117676014274007, 0.178997406284872, 0.29002556650394545, 0.7138498185213183, 1.104194972891178, 0.4365174197034327, 0.5, 7.0, 0.3914185925059607, 0.7976044237296958, 0.5023290579874672, 2.0, 4.0, 0.5339261826786748, 1.010705058143348, 0.4982291412705898, 0.7958, 0.7996557693941337, 0.22000000000000003, 7.0]",0.6060036840811193
"[0.8220752316554258, 0.5, 0.678025277554073, 0.46168155962523083, 0.579893215959148, 0.47090724551471025, 0.6145585294482768, 0.9230962199279034, 0.7429514840659737, 0.5, 4.0, 0.7861230131702575, 0.9539980545825371, 0.4545079816359223, 0.0, 3.0, 0.27033317547015495, 1.195459692786789, 0.8611973892279425, 0.62716, 0.449802130475202, 0.22000000000000003, 8.0]",0.46066487002390005
"[0.11791465685897684, 0.5, 0.7166463995157841, 0.2067397165071868, 0.5271775721029626, 0.009080655203313415, 0.5878586591895212, 0.9366535860952405, 0.49691060694292005, 0.55, 7.0, 0.5364931327667356, 0.916695407462952, 0.44286273388052405, 2.0, 2.0, 0.5487383379211627, 0.679136227955157, 0.8732021233087721, 0.74984, 0.35213703193927315, 0.22000000000000003, 7.0]",0.6649800000407258
"[0.6828185223685539, 0.5, 0.1914570520267359, 0.5219159690770759, 0.26334488590926625, 0.37094683265271083, 0.6268968903131216, 0.9770762751603934, 0.6125342178714068, 0.35, 7.0, 0.3989365235805221, 0.8486841229934203, 0.5760425862601569, 2.0, 1.0, 0.34429426686174486, 0.6898138401462317, 0.8481346333220172, 0.6736, 0.8687259683959359, 0.22000000000000003, 8.0]",0.6400643250051842
"[0.7781244241733262, 0.5, 0.3922571447876345, 0.6180285374681478, 0.12206330985311215, 0.1988801689715956, 0.4874001256573016, 0.7184844925461193, 0.39248987734413276, 0.95, 3.0, 0.7493498178731505, 0.8876293590776279, 0.7529653169748259, 0.0, 0.0, 0.39799819804417913, 1.1936896214845056, 0.6918173997558036, 0.45372, 0.8319843379111089, 0.22000000000000003, 8.0]",0.41983106158558525
"[0.26111045034949054, 1.0, 0.17243928673479725, 0.5166920013871482, 0.575892380140489, 0.15544618871547478, 0.3206551384068396, 0.8366196956112137, 0.4636399743614584, 0.3, 3.0, 0.5434410940354608, 0.9598106525106497, 0.5911263636119891, 0.0, 2.0, 0.7497519773627233, 0.662285097796664, 0.5843115662413024, 0.45236, 0.47559190549651686, 0.22000000000000003, 8.0]",0.48577133667952077
"[0.541341436317068, 1.0, 0.03709976949990601, 0.39441215473183544, 0.02664664311460534, 0.2781239701414386, 0.8873834390411424, 0.8280131854078601, 0.7263266289677004, 0.85, 7.0, 0.5992629921597455, 0.935856251073247, 0.6080581819346065, 0.0, 3.0, 0.2234667467139955, 1.1836635958528259, 0.6812430681985471, 0.46572, 0.5664772999909999, 0.22000000000000003, 6.0]",0.45293184946146725
"[0.1713551285001838, 1.0, 0.732319415679722, 0.9502510926920766, 0.2929792592123965, 0.4373757017718479, 0.5191282126777981, 1.202594019765951, 0.5021393083386361, 0.3, 7.0, 0.5587880403842186, 0.9057228348966869, 0.489324087858377, 2.0, 1.0, 0.678085562510935, 0.9938561845774012, 0.8434085879607223, 0.80112, 0.7758654157104393, 0.22000000000000003, 6.0]",0.5902838358002963
"[0.30481652699685713, 0.5, 0.7683987563788973, 0.7570860681475402, 0.1870868678203987, 0.307087972457433, 0.30241025885740336, 0.8991907816144697, 0.3095097287383349, 0.85, 7.0, 0.6163611803946207, 0.9836200411930459, 0.5047306835997825, 0.0, 4.0, 0.49978774345118554, 0.7837614412264619, 0.8141076023710397, 0.55172, 0.7300377922941159, 0.22000000000000003, 8.0]",0.438080273583821
"[0.1795237165396955, 0.0, 0.7074041865120372, 0.6062599888704528, 0.006116590485985451, 0.5812992940716284, 0.5206516758808478, 1.2720190962838558, 0.28290321589381945, 0.95, 5.0, 0.381305221857258, 0.9105430525963236, 0.18610882525340522, 1.0, 1.0, 0.22443800763107247, 0.6372759825461959, 0.7655254341294988, 0.9828, 0.4665565871506098, 0.22000000000000003, 6.0]",0.7591538648335429
"[0.4526041409450139, 0.0, 0.5744158587507047, 0.47242100658772224, 0.06966932885024217, 0.3484935060283637, 0.6781779809286882, 1.168615171744249, 0.7466174947610589, 0.8, 3.0, 0.3999940349206231, 0.7399713877868768, 0.47755598304371344, 0.0, 1.0, 0.25398168672993127, 1.082727802199036, 0.8554566707353407, 0.43148, 0.38815413232072554, 0.22000000000000003, 8.0]",0.4292468695130651
"[0.4710363937305809, 1.0, 0.8210686306704094, 0.9620730979991057, 0.6486159767900723, 0.06085342826085315, 0.7212202641628537, 0.7129057588307627, 0.4007787888198471, 0.6, 6.0, 0.5490292323314878, 0.9802652900124615, 0.5025316185709169, 2.0, 4.0, 0.5661367844659431, 0.6838771545322567, 0.569754062195067, 0.72016, 0.5866396537269086, 0.22000000000000003, 8.0]",0.7460642603912097
"[0.3302951787680713, 0.0, 0.03390583589056262, 0.398591266235864, 0.3351939395300149, 0.653981272182252, 0.7813013219870795, 1.0367833343972148, 0.5136239384859558, 0.65, 4.0, 0.38874727302784906, 0.605635665098713, 0.540013542442343, 2.0, 0.0, 0.4749471407299907, 1.1615713852602894, 0.6135395129475766, 0.74168, 0.7011290583042216, 0.22000000000000003, 6.0]",0.4443924218500214
"[0.38873152333852956, 1.0, 0.5173930698834959, 0.4019747457408225, 0.4239112970113663, 0.1323179433338102, 0.7283594746085029, 1.1412710456285282, 0.5085949361185884, 0.15, 5.0, 0.4125084290359255, 0.7209738654165727, 0.2877540284992513, 4.0, 0.0, 0.2225792413218185, 1.1237393941315663, 0.8619393310466172, 0.92664, 0.8775862179615492, 0.22000000000000003, 6.0]",0.45658381335142106
"[0.1957939366508911, 0.5, 0.7358640922187996, 0.3956906868158136, 0.4500562861335786, 0.45508365670065787, 0.323347735026414, 1.0442856118802588, 0.4645134077168435, 0.95, 5.0, 0.47038615311120385, 0.785130123556239, 0.34488302713327273, 1.0, 2.0, 0.283851925898076, 1.1378012960850312, 0.7021965730334645, 0.54332, 0.5402834581180123, 0.22000000000000003, 8.0]",0.6691716322854132
"[0.6777894336342319, 0.0, 0.9575207092568259, 0.719425758414179, 0.22509967036967168, 0.17844386353179859, 0.6356100637107868, 0.9699876060842472, 0.6403946380373291, 0.8, 6.0, 0.515370871376211, 0.9315720283855732, 0.5143935069636904, 1.0, 1.0, 0.5802693852108635, 1.1238607851428384, 0.5870878526102765, 0.92508, 0.8584597308912285, 0.22000000000000003, 6.0]",0.6267294519024773
"[0.5764197999692005, 0.5, 0.6061941601869069, 0.48210061076002786, 0.4793627852752881, 0.4979538405833146, 0.843966008524994, 1.250922396680832, 0.39785309962277926, 0.95, 6.0, 0.29222610759463913, 0.6504141037656149, 0.509318826062266, 1.0, 2.0, 0.6033571017334713, 0.7634369652016773, 0.7471678729311104, 0.84044, 0.3886993148978592, 0.22000000000000003, 6.0]",0.6513709444125418
"[0.8129347934410015, 0.5, 0.9461061876253534, 0.3385372824278562, 0.230052490374412, 0.38926651833449716, 0.76313206365764, 0.8407587943330368, 0.5979645431913074, 0.85, 6.0, 0.4502716577835244, 0.8932479873956103, 0.6585306175148543, 2.0, 1.0, 0.2827698466943426, 0.8068224206326026, 0.404767833571296, 0.50996, 0.5985404281140805, 0.22000000000000003, 7.0]",0.8063770091863776
"[0.3795553923192502, 1.0, 0.34990669709020994, 0.7156550768862275, 0.02705494009346676, 0.3568395747051424, 0.8341288338716804, 1.0150057835666293, 0.7932210100068089, 0.45, 6.0, 0.6348836762001314, 0.99007977514737, 0.5162942752703813, 1.0, 2.0, 0.5312466068305937, 0.8498182488808258, 0.5842363310816222, 0.50544, 0.7262615788785842, 0.22000000000000003, 7.0]",0.6590669878066581
"[0.1241887260331212, 0.5, 0.6165477522491738, 0.5033637781866337, 0.2608292111233427, 0.4754231352840029, 0.6029185179411958, 0.953626812092959, 0.6189964460011017, 0.2, 7.0, 0.6227211972580767, 0.8713610947559599, 0.7239987165081729, 0.0, 4.0, 0.6409783475187603, 1.181787548604253, 0.7821243639444233, 0.60944, 0.40860109560649344, 0.22000000000000003, 6.0]",0.4087464106298162
"[0.4850027516442228, 0.0, 0.5495699850803799, 0.34873418736664585, 0.788785547030753, 0.0051440598513863844, 0.6329840933168707, 1.1080084913890886, 0.36625014037882664, 0.8, 4.0, 0.4287031042316336, 0.6942230636696912, 0.5776051540310466, 1.0, 0.0, 0.36351964500316425, 0.775319350476118, 0.7008500442138594, 0.94032, 0.8456998738066603, 0.22000000000000003, 8.0]",0.47540526282315865
"[0.40420616675904164, 0.5, 0.22902297018626605, 0.7386433994192043, 0.7366088856209085, 0.31647965844537096, 0.5348847498382454, 1.2149249013226513, 0.39458336171941466, 0.25, 4.0, 0.43574607357762507, 0.7679203140359608, 0.39710750612808804, 0.0, 1.0, 0.7219899471746238, 0.9346739523290206, 0.6668608041075632, 0.54148, 0.6898181647508838, 0.22000000000000003, 6.0]",0.4377723481282664
"[0.8483827277394154, 1.0, 0.837626852684729, 0.7636341498178529, 0.25541389772724726, 0.25865698717463, 0.762813846853114, 0.8060915791448539, 0.4552875893833293, 0.9, 7.0, 0.5855857914518016, 0.8884435541715472, 0.6564492047615682, 1.0, 4.0, 0.32186225216888253, 1.0318955451326393, 0.5974784556313959, 0.92864, 0.7793944747234938, 0.22000000000000003, 7.0]",0.6470994361694317
"[0.4106259146831802, 0.5, 0.6377923684763493, 0.8709755190151398, 0.42881362046360433, 0.1470064690708179, 0.4569457341819138, 1.2742612035176664, 0.2189629884869289, 0.4, 3.0, 0.20406215732883226, 0.21786356829505193, 0.2492903190110395, 1.0, 1.0, 0.208884964340475, 0.7010971204556842, 0.572850296632915, 0.44412, 0.8462894783247428, 0.22000000000000003, 7.0]",0.6792450476675814
"[0.2222018319134824, 1.0, 0.24935487747697105, 0.2792653924220755, 0.32890219016076305, 0.2882738294458275, 0.4297434581581847, 1.0753378757591947, 0.49845222364702907, 0.6, 6.0, 0.40760764129636584, 0.7334717147309763, 0.5517890573703692, 1.0, 0.0, 0.21509195300823428, 1.1738967195581895, 0.4620922146201425, 0.9778, 0.48387234452527633, 0.22000000000000003, 6.0]",0.5104306923178145
"[0.7622047067265639, 1.0, 0.9560122827509142, 0.5799631326027066, 0.2836274448672999, 0.5935647739280225, 0.6877830700225792, 0.7876690411417906, 0.6601923727873475, 0.15, 7.0, 0.5079570805082908, 0.923201947272863, 0.47010188450530005, 1.0, 1.0, 0.7832183120236558, 1.0509182251482656, 0.7593404559369512, 0.91492, 0.656999892163432, 0.22000000000000003, 7.0]",0.5943066415412297
"[0.8866296683724355, 1.0, 0.09865624861247235, 0.5813817301978081, 0.7958787767277714, 0.6364925260122052, 0.36989132727990753, 1.0905374070709577, 0.25916485573661896, 0.85, 7.0, 0.2984457986808966, 0.6097410730697298, 0.3825488926274618, 1.0, 4.0, 0.6255433758515119, 1.1468331539030343, 0.49506528377696835, 0.70456, 0.5802681630559355, 0.22000000000000003, 8.0]",0.6001758600993603
"[0.4367212830888455, 0.5, 0.8116073459230059, 0.47000639760768315, 0.7326219077183737, 0.4431497222414568, 0.624139210267386, 0.9344047844603562, 0.6868376766032962, 0.5, 3.0, 0.6371324215398475, 0.8279292637405612, 0.6830404563802279, 0.0, 1.0, 0.780742303785743, 0.8144962889482281, 0.8517101773106127, 0.55848, 0.33887221240147325, 0.22000000000000003, 6.0]",0.42293442668382464
"[0.879273195381009, 1.0, 0.08668623988160706, 0.3886761444970871, 0.5187059666749513, 0.11529009028008869, 0.7798437326903429, 0.8086320206630789, 0.2757560101416403, 0.3, 4.0, 0.517468743787777, 0.7527303877713363, 0.7756599147142309, 2.0, 1.0, 0.7504682075239804, 0.9555666506978335, 0.8702542681088247, 0.60412, 0.8970447883249306, 0.22000000000000003, 6.0]",0.6227914166649365
"[0.7438836320983342, 1.0, 0.2556700607386403, 0.7786263665459807, 0.5330463868588374, 0.15030421781730083, 0.5256681808443741, 1.253839274540091, 0.39761187868393577, 0.2, 4.0, 0.4146373388563104, 0.6856886629398975, 0.24382266302603975, 0.0, 2.0, 0.6175956610652071, 1.0674738418933847, 0.621544406562985, 0.8952, 0.6593274687108683, 0.22000000000000003, 6.0]",0.4378480778998006
"[0.4787503137071901, 1.0, 0.25514382754369436, 0.8038148090043233, 0.3454197195187445, 0.6104540051493434, 0.33333473631189287, 1.030130930886612, 0.7347788464902136, 0.55, 3.0, 0.5141273691234413, 0.8736125153937279, 0.7367747290840109, 0.0, 2.0, 0.7977095745452611, 1.0453888594827816, 0.4423578228853681, 0.62288, 0.7009475336792204, 0.22000000000000003, 8.0]",0.4099559967943757
"[0.43410022984574614, 1.0, 0.5778168575532158, 0.5055479624573842, 0.648148132253824, 0.03357767645554953, 0.3691772224116342, 1.1442606903860608, 0.7149422909667653, 0.7, 3.0, 0.41234106968409917, 0.9606279740701891, 0.4157837751635418, 1.0, 1.0, 0.7667556899276367, 0.8611064182491552, 0.7080835252532003, 0.673, 0.46226635851446884, 0.22000000000000003, 7.0]",0.6009181708896824
"[0.3652894816462946, 0.0, 0.4506252128854381, 0.5552694127406369, 0.7855041517692556, 0.5744108109336005, 0.8685340291925103, 1.0931835625999486, 0.5162608293057493, 0.65, 3.0, 0.636389626159689, 0.8155484760250588, 0.5646680727043291, 0.0, 1.0, 0.3836384119878205, 0.7588863091437157, 0.5544197516698296, 0.97028, 0.7378347132546299, 0.22000000000000003, 6.0]",0.47580232185328014
"[0.5416846953697594, 0.5, 0.8591582528004739, 0.42186214452719684, 0.6360182656294446, 0.0011185954158910104, 0.4572518526849334, 1.203162249995013, 0.4712637906046307, 0.5, 5.0, 0.38124142223574886, 0.8410976257420744, 0.43557921452472464, 2.0, 1.0, 0.6304633986674486, 1.0721358357305923, 0.6151894577201127, 0.46468, 0.5566115436774337, 0.22000000000000003, 8.0]",0.6434451981281749
"[0.3717752517376307, 0.5, 0.23139275205865995, 0.3399102192464257, 0.7142846351602574, 0.5190572048283276, 0.3645194772943905, 0.8924967967650057, 0.35047543315021584, 0.8, 6.0, 0.51348036566602, 0.8452828979055608, 0.4476730478323341, 2.0, 1.0, 0.28132226771987295, 0.8954525864249729, 0.4749546667083258, 0.41692, 0.33188362386759623, 0.22000000000000003, 6.0]",0.8031024234496839
"[0.19245888241487288, 0.0, 0.41696718698081536, 0.6647756038490976, 0.28619408803016916, 0.6531302378771602, 0.4065413858024898, 1.020310113733236, 0.41655087593480455, 0.55, 6.0, 0.4665912162251777, 0.9633086380704278, 0.697568724331513, 1.0, 2.0, 0.7997910319231321, 1.1091905241896558, 0.8623523695941868, 0.96888, 0.6622107115856021, 0.22000000000000003, 7.0]",0.6209215350201999
"[0.3195352581517552, 0.5, 0.7154973831723772, 0.46628261096279844, 0.7581603002511791, 0.3168854019621989, 0.32958987188915434, 1.1091753066049257, 0.4721215494997894, 0.4, 6.0, 0.7113996679686018, 0.9934472719664502, 0.39043977184089734, 1.0, 2.0, 0.48621479638533993, 0.9602956120305962, 0.4563643561171729, 0.87728, 0.40842465740261974, 0.22000000000000003, 8.0]",0.6910611369437092
"[0.230094569398515, 0.5, 0.9705864578391417, 0.3530733660374768, 0.5187895497443228, 0.18944244249226516, 0.5631878914915335, 0.9335682992825116, 0.23241497667365135, 0.55, 7.0, 0.47620265476411217, 0.7938483229872426, 0.48279526284521995, 0.0, 2.0, 0.6281800146005632, 0.6607950550930668, 0.5608846376736265, 0.42196, 0.5016703734175718, 0.22000000000000003, 8.0]",0.5029806586550151
"[0.16740910411292387, 0.5, 0.7035366274227773, 0.24970901781399713, 0.1524560190994948, 0.6637890777301368, 0.3313720439568198, 1.0670144114079274, 0.2745900086181018, 0.25, 7.0, 0.7212530469398295, 0.9332418175600712, 0.5576073862794976, 1.0, 3.0, 0.5428354747933605, 0.8404515603580399, 0.8527958052112155, 0.65684, 0.5066211179102226, 0.22000000000000003, 7.0]",0.6130239142126982
"[0.2835877165751156, 0.5, 0.37849488015575805, 0.3879984786434194, 0.15424392294475223, 0.03752372121894043, 0.6031597705634166, 0.7874425636838771, 0.7911061733060782, 0.7, 7.0, 0.43305667665432185, 0.9230669862430745, 0.5000828797994548, 0.0, 2.0, 0.6174585860522359, 1.0577822505853276, 0.506203083428308, 0.778, 0.45704614606006055, 0.22000000000000003, 7.0]",0.45183708080604806
"[0.15476397806349135, 0.0, 0.22914562848623743, 0.9052451663852883, 0.34089384620914515, 0.14958525462698297, 0.5772906186612872, 0.8722607984991879, 0.3099000434288651, 0.9, 6.0, 0.4580681723534348, 0.89166373748908, 0.6055555127223972, 1.0, 2.0, 0.21127741621338625, 0.7788673433117234, 0.8561586704172696, 0.85456, 0.886091302035245, 0.22000000000000003, 8.0]",0.6893120741218857
"[0.31260168897960405, 0.5, 0.9344949578384766, 0.9619694052370051, 0.7154757518437167, 0.18759868502894483, 0.780257904360847, 1.2078008755630898, 0.5677506750615768, 0.95, 4.0, 0.6087703098057436, 0.7752581849606862, 0.59755858359622, 1.0, 1.0, 0.34369218715695127, 0.9555403069716252, 0.8647259435957104, 0.54552, 0.3042219079880826, 0.22000000000000003, 7.0]",0.65831534862437
"[0.23444145220757237, 0.0, 0.34338833666498714, 0.524079732501324, 0.19621648286784402, 0.1251170912007067, 0.5189094039022627, 0.9743441812579866, 0.44344864333773193, 0.95, 6.0, 0.5572777516909672, 0.9813011000606969, 0.6378682084790593, 1.0, 2.0, 0.5384748420038454, 0.9236645996775028, 0.6921569312084063, 0.4716, 0.6478702072749549, 0.22000000000000003, 7.0]",0.6464341826569006
"[0.7700370548807498, 1.0, 0.42961457030034056, 0.47608361716097874, 0.1068483586033695, 0.3959990558276107, 0.5056941368526914, 0.8298004048764929, 0.3840776041099282, 0.9, 7.0, 0.4942878501257541, 0.8768543252075495, 0.5279270929790764, 1.0, 2.0, 0.7481380328923379, 0.6029945556726533, 0.8400010399727531, 0.40084, 0.7711087148875126, 0.22000000000000003, 6.0]",0.6158928839432756
"[0.7867947245246459, 0.0, 0.2850321314711106, 0.760527110353876, 0.7008502946820567, 0.23953099184630078, 0.7995784818642134, 1.0760224275890427, 0.42184128410627275, 0.4, 4.0, 0.49830512486826567, 0.8665757430558445, 0.7086949734591178, 2.0, 0.0, 0.7722641028786656, 0.8026884403989817, 0.7964490178446422, 0.77264, 0.5916078658105717, 0.22000000000000003, 7.0]",0.4421639658398679
"[0.6799436210122496, 1.0, 0.9628539654878558, 0.2860661065984158, 0.7084659941548455, 0.37767125734841184, 0.33807914250872256, 0.8344367682469178, 0.2556843595930429, 0.9, 6.0, 0.5953858413023831, 0.9511752417931887, 0.5545593438912193, 2.0, 2.0, 0.7648340637608146, 0.6537838710250095, 0.48390372547371197, 0.53428, 0.7587574384154359, 0.22000000000000003, 7.0]",0.6825889438066991
"[0.46964944393005836, 1.0, 0.6132434420719698, 0.32428931103203235, 0.7019210223508369, 0.04943347075328831, 0.3739549675134335, 1.0636151300745231, 0.6398842182291729, 0.9, 6.0, 0.5093355968683725, 0.9032216961747314, 0.4795884417106368, 0.0, 1.0, 0.3875181372263089, 0.9617470113810008, 0.7447373338165901, 0.41908, 0.7596206646283825, 0.22000000000000003, 8.0]",0.4542542653413415
"[0.8322367497549061, 0.5, 0.8440598509187766, 0.35736046027020074, 0.24952947846500173, 0.08024187526796667, 0.591002251111765, 1.213483333381364, 0.431119979041865, 0.5, 4.0, 0.7168026171210884, 0.8865433817771579, 0.35032466832838205, 1.0, 2.0, 0.7635487553483584, 0.7862271463250767, 0.4885040043404473, 0.82528, 0.5183124708537856, 0.22000000000000003, 7.0]",0.6475286298527089
"[0.48011034613584547, 1.0, 0.4301430892151292, 0.3195643699045865, 0.5829228117867128, 0.6313856301181874, 0.7342219653369184, 0.7842707891178909, 0.7733795994267438, 0.5, 3.0, 0.6884942751074624, 0.9033570208496852, 0.5685475968308594, 0.0, 0.0, 0.790091602669035, 1.061212257990653, 0.690229613874034, 0.44992, 0.42083879222918097, 0.22000000000000003, 6.0]",0.41595478482036635
"[0.41689798505152176, 0.5, 0.2189036433227156, 0.8301620952516042, 0.32303793233781963, 0.6900709474454881, 0.31891782017731696, 1.000005084740934, 0.674498901856376, 0.95, 4.0, 0.7301702277213665, 0.9688065576307949, 0.4450304445025677, 0.0, 2.0, 0.4859109385883394, 0.8276828991161922, 0.7477754555802985, 0.99416, 0.33202630760270335, 0.22000000000000003, 8.0]",0.5065596594449032
"[0.16232933844993847, 0.0, 0.13905149772621983, 0.4999070779593973, 0.633121212320158, 0.5922783933083606, 0.46096075863065156, 0.8312111597603008, 0.4840639932287639, 0.65, 5.0, 0.612388973650851, 0.8935059442958189, 0.5771086328707461, 0.0, 2.0, 0.25711573805860094, 0.6548442574613349, 0.6664558815889898, 0.4856, 0.5826320906446678, 0.22000000000000003, 8.0]",0.6315647949487379
"[0.2566071922090437, 0.0, 0.9652990688474566, 0.6397797333595576, 0.08877975774286001, 0.6250196528139218, 0.35327770542724585, 0.9381325638399205, 0.347319633291298, 0.65, 3.0, 0.5589812432005387, 0.9631497659548174, 0.4577793236598457, 1.0, 1.0, 0.6788130945951039, 0.773298544688449, 0.8898009422189511, 0.63692, 0.49966081603606627, 0.22000000000000003, 8.0]",0.6112891231622319
"[0.8714633083705786, 0.5, 0.24435743177057623, 0.5953433083705035, 0.16687161599106073, 0.6600569518620099, 0.43043757953664785, 1.2223978703978502, 0.3849166655177184, 0.4, 4.0, 0.47097249694443777, 0.7571360344000331, 0.7680396133787176, 1.0, 2.0, 0.33582706299649345, 0.9782596862979827, 0.8549280356787266, 0.8126, 0.7348117123609306, 0.22000000000000003, 7.0]",0.6312637995164856
"[0.804594729041395, 0.5, 0.028730243532241517, 0.8105347019271936, 0.4616844679871235, 0.6212404233301546, 0.8278975723971391, 1.0908095358604757, 0.6131946399456885, 0.2, 5.0, 0.35365210110536127, 0.6512032130993248, 0.43692958977851826, 1.0, 0.0, 0.27214922141412096, 0.84030456857186, 0.43514799147273914, 0.8866, 0.7577426033011929, 0.22000000000000003, 6.0]",0.5578353646577556
"[0.7663926052361454, 0.5, 0.671103538360467, 0.8982528910931669, 0.25643969265770955, 0.31218981414403213, 0.41330609064752466, 0.7902473725946422, 0.612147662767653, 0.6, 3.0, 0.2969739354227473, 0.5487520940011495, 0.49524488780131026, 0.0, 1.0, 0.3876176563019857, 1.0137605758492358, 0.7879478377928839, 0.8022, 0.4641038036710884, 0.22000000000000003, 7.0]",0.4598399151313355
"[0.791274761586253, 0.5, 0.7746521259804917, 0.5312071625570596, 0.7999639637537457, 0.23619143215620828, 0.794084283668709, 1.0676857882162778, 0.5531219321854235, 0.35, 7.0, 0.5639132407904189, 0.8855279349094921, 0.4603589301712276, 0.0, 2.0, 0.32024875027507393, 0.9082111560995163, 0.6220572394555044, 0.92232, 0.578641009973327, 0.22000000000000003, 6.0]",0.47474103989239774
"[0.3765376744417984, 0.0, 0.3197029435512204, 0.3945376530993572, 0.4821302930015608, 0.015952796131090862, 0.5501349164497162, 1.1866709856940156, 0.3885258147018368, 0.75, 6.0, 0.6095147663537465, 0.9587837166906803, 0.6262778273160936, 0.0, 4.0, 0.5973276154881111, 0.95450656974827, 0.6463294324028614, 0.60624, 0.7940614638214496, 0.22000000000000003, 8.0]",0.44023888738011807
"[0.6421554934359851, 0.5, 0.15334654043764084, 0.8411639913873776, 0.5163861992518487, 0.5122793240023871, 0.4467190182327262, 0.7488853803973166, 0.7609779537620034, 0.2, 4.0, 0.31721331089481153, 0.7793474579458306, 0.6557152838374674, 1.0, 1.0, 0.487876057780918, 1.1416052781178907, 0.4524213500909408, 0.76424, 0.683332132766478, 0.22000000000000003, 8.0]",0.6658576057072962
"[0.4033621041051857, 1.0, 0.6099112524870723, 0.2981554236065394, 0.6151117529570701, 0.6919424687917413, 0.6551729585303104, 1.0787710112454398, 0.5947341698310017, 0.15, 4.0, 0.5016981028257739, 0.9936220121259062, 0.6124839534966016, 1.0, 1.0, 0.6327930951088009, 0.8981297556271222, 0.7104441798538803, 0.78596, 0.7189532471924918, 0.22000000000000003, 8.0]",0.6309523178724784
"[0.7072403731111719, 1.0, 0.17660194554718245, 0.4084279008444588, 0.030264030974452627, 0.14276180522357262, 0.7304417257015281, 1.0152234975012675, 0.2379465256500971, 0.75, 4.0, 0.7671513967840544, 0.9880976042775588, 0.6114689007048488, 2.0, 1.0, 0.707482995195595, 1.1022262223092947, 0.467944686718572, 0.48796, 0.6137271198977197, 0.22000000000000003, 6.0]",0.6318975000064342
"[0.32589657393212657, 1.0, 0.0594604309664436, 0.5990507386242967, 0.2212036141058701, 0.3258351147304867, 0.6806749599788848, 0.9151957198909653, 0.6416843385678166, 0.2, 6.0, 0.5958831824760581, 0.9710177498341116, 0.5011430902203462, 1.0, 2.0, 0.31880213799175555, 0.9509778557881394, 0.7896721334156369, 0.54156, 0.48294421232051055, 0.22000000000000003, 7.0]",0.687070754952953
"[0.27127454843995286, 1.0, 0.20054102820995146, 0.6790030769879141, 0.3557177506488065, 0.22436168107591659, 0.5518065579709085, 1.2204663761994714, 0.5978460631821799, 0.15, 3.0, 0.6248530800763237, 0.8582386651321, 0.6468161458858693, 1.0, 2.0, 0.4826128959423186, 1.1928180631041576, 0.6880117848703303, 0.8092, 0.8281835049559421, 0.22000000000000003, 7.0]",0.5911729614243193
"[0.2007866047200264, 0.0, 0.04302106656923377, 0.2726997083714191, 0.3572305727571061, 0.23598561542112692, 0.7993561596346169, 0.9024549703171143, 0.3126156592797652, 0.75, 5.0, 0.4492864252466614, 0.8541759923040771, 0.6476848869807278, 0.0, 4.0, 0.4666294959858285, 1.1964147937020138, 0.4918618976352798, 0.89924, 0.4950784747758952, 0.22000000000000003, 7.0]",0.48773094309062465
"[0.12272846311684252, 1.0, 0.08465166406575364, 0.6931313270783397, 0.41732818400163574, 0.5374645677164915, 0.4510902195800653, 1.1883666521117042, 0.7885742231402626, 0.75, 7.0, 0.5637491610253855, 0.9395324350946519, 0.5504187226886398, 2.0, 1.0, 0.48413266177460984, 1.0763056409356215, 0.447648769975449, 0.87836, 0.8247474875345195, 0.22000000000000003, 8.0]",0.6029635182500844
"[0.23045335443559908, 1.0, 0.31054909217136506, 0.3606199208379437, 0.14371127961416832, 0.5383427926363448, 0.6563390853933135, 1.2417511962375987, 0.493876254918432, 0.25, 6.0, 0.41909648082419193, 0.8094019624005767, 0.6168203273867058, 2.0, 3.0, 0.7094194803325911, 1.0373985637087029, 0.7681049452538514, 0.61716, 0.40579512273877566, 0.22000000000000003, 8.0]",0.624337996960341
"[0.6060325617106768, 0.0, 0.38625243354536665, 0.5095557052008624, 0.33577160554511043, 0.3250065213760436, 0.7820204444745755, 1.286178684475988, 0.7356621063471693, 0.2, 5.0, 0.5926389944838366, 0.9064853563477846, 0.25666450675272034, 0.0, 1.0, 0.5078565188698196, 0.7063992158556983, 0.5042589367709639, 0.78048, 0.7630666174381628, 0.22000000000000003, 6.0]",0.4893679848668709
"[0.6895067291958326, 0.0, 0.9728796141440795, 0.8626142515767783, 0.23316286597574942, 0.060795881561857085, 0.40718739259713044, 0.7317926062301806, 0.755823541036758, 0.55, 4.0, 0.42805514176561776, 0.9111284296024338, 0.6500814530946737, 0.0, 2.0, 0.32085322857780235, 1.0635394875557196, 0.8877767147011287, 0.86984, 0.5615704194564473, 0.22000000000000003, 7.0]",0.47558346050279776
"[0.478008630909882, 0.5, 0.022029603230170225, 0.6728316362634272, 0.4414788270174461, 0.6453551385460369, 0.6689336921891755, 0.7341621678413518, 0.7742153515522132, 0.85, 4.0, 0.6015409968464929, 0.9759618159854861, 0.4564144561996659, 0.0, 3.0, 0.24296855942590095, 1.1850795826729557, 0.762582419776995, 0.41504, 0.7087963842645739, 0.22000000000000003, 8.0]",0.4798295678648548
"[0.779940365232396, 0.5, 0.9057830626851263, 0.31472501396056374, 0.6721452451398755, 0.26629733220361584, 0.3693829975896097, 1.1664805549355928, 0.3327311166121323, 0.45, 3.0, 0.5924957064085064, 0.8219655314539308, 0.17200792226740405, 0.0, 1.0, 0.5615742778302663, 0.6482708846755741, 0.705300165608781, 0.85004, 0.7794387944100009, 0.22000000000000003, 7.0]",0.434066949582912
"[0.23034852823349894, 0.5, 0.7494623779019527, 0.5429667723899365, 0.5174140124554621, 0.13998208294098163, 0.5846636939964143, 1.1927820786658172, 0.6913710116144212, 0.55, 7.0, 0.39691738489390077, 0.600959873989444, 0.38124870419872964, 0.0, 2.0, 0.5450545131075335, 1.019183662505124, 0.49661602548215145, 0.77508, 0.8403613020545939, 0.22000000000000003, 6.0]",0.4198676938810127
"[0.5367314731740169, 0.0, 0.5028380447999982, 0.6309305663204126, 0.686612192274834, 0.5409482263554404, 0.3207972840341478, 0.8703233229073134, 0.7114215469610059, 0.9, 4.0, 0.6771472623678246, 0.8968758171240147, 0.3838924621062043, 1.0, 2.0, 0.7096267797113043, 0.949554108052884, 0.8993233006593979, 0.64828, 0.6755765525324924, 0.22000000000000003, 8.0]",0.6255448941206287
"[0.7432124707211316, 0.5, 0.30736193193190264, 0.27182104916662864, 0.50524738069819, 0.3233675719108438, 0.3028108760412543, 1.2223930296625976, 0.6249456982466787, 0.8, 5.0, 0.5785168147429969, 0.8813576374392635, 0.4681742573521084, 1.0, 0.0, 0.763921839401551, 0.9886121252919506, 0.795015882646565, 0.94892, 0.61830251504017, 0.22000000000000003, 8.0]",0.4508048037169943
"[0.5578821358469318, 0.5, 0.2740321376140674, 0.2881103201901305, 0.7804792101813928, 0.28608548968693887, 0.7138168530486386, 0.8691675726862759, 0.6297464108686202, 0.4, 3.0, 0.3118130144710483, 0.524256910513143, 0.6527353215417917, 1.0, 1.0, 0.6362462766822032, 1.087156676364574, 0.8712580652493791, 0.82628, 0.6040597475869789, 0.22000000000000003, 7.0]",0.5944315410343011
"[0.6486383853019009, 0.0, 0.3369699176855817, 0.9277835343227137, 0.3464693447001708, 0.6462421852272713, 0.5390964565572456, 1.1594323391087722, 0.5604117654936599, 0.65, 6.0, 0.5511236361678296, 0.9261840259142307, 0.6286724468274482, 1.0, 2.0, 0.7765577280658038, 0.8341681418341855, 0.6209105182291852, 0.4976, 0.7852272550324726, 0.22000000000000003, 8.0]",0.6266071501036998
"[0.22618090411052538, 0.5, 0.6972935148235231, 0.39910213048831206, 0.7800414346342746, 0.4810726802193755, 0.88739435307412, 1.0738101451115587, 0.42049615617401914, 0.85, 5.0, 0.4204164780286508, 0.9814786205725012, 0.6879014836107895, 0.0, 4.0, 0.6906843354923059, 1.0158582319610145, 0.897763734017289, 0.59816, 0.6134663083274405, 0.22000000000000003, 7.0]",0.4455175917310132
"[0.820363124789323, 0.5, 0.8508498179649636, 0.29351243646208264, 0.3619409304277519, 0.6488048160495263, 0.7546507211020714, 0.727404269037815, 0.6382003026929104, 0.25, 7.0, 0.3053707316005684, 0.6875653674806738, 0.43335273943613956, 1.0, 2.0, 0.7297676784649745, 0.885330914952756, 0.8916452211455661, 0.86888, 0.6666603980404323, 0.22000000000000003, 7.0]",0.6005259826136349
"[0.2567172646100492, 1.0, 0.6349287279898965, 0.4977564614793519, 0.44342300151771785, 0.6605379757860498, 0.31031810644890007, 1.0891071390579903, 0.4363695744564072, 0.8, 4.0, 0.5793311569337747, 0.8243019580179993, 0.7323896546664963, 1.0, 1.0, 0.3645657516556571, 0.9544500032163171, 0.6956102893184901, 0.62348, 0.5018654095321233, 0.22000000000000003, 8.0]",0.6694379269494777
"[0.261124083394931, 1.0, 0.20068174109210446, 0.4098390606564521, 0.6328826227190545, 0.18224300708388075, 0.7740414762421425, 0.9988566034807016, 0.6832473466010827, 0.5, 3.0, 0.578612218104476, 0.7956160481915405, 0.3182484239665819, 0.0, 1.0, 0.33595649878702527, 1.1997291698481798, 0.6714071609559883, 0.9574, 0.7087320706250088, 0.22000000000000003, 7.0]",0.4120425282014952
"[0.41719823096109876, 1.0, 0.8779940367867798, 0.7264949641954466, 0.663467917659761, 0.022677002162092008, 0.7682639274148562, 0.8827453416840005, 0.5664034454115165, 0.5, 7.0, 0.3689211515669622, 0.9059625362476497, 0.5552963983744865, 2.0, 0.0, 0.5440916284717445, 1.0796758144348741, 0.4426523238494791, 0.43132, 0.7296378643359057, 0.22000000000000003, 7.0]",0.433586280952998
"[0.40736861822498505, 0.0, 0.23805284241742708, 0.7703380094606849, 0.26475277833786354, 0.0015008095310395375, 0.7799551584183595, 0.7852327662460964, 0.4060594924187546, 0.85, 4.0, 0.6118088089758642, 0.8172171626821441, 0.5722652642006244, 1.0, 3.0, 0.4452382029304409, 0.7662481611562599, 0.7154419078508949, 0.47684, 0.8078615926071508, 0.22000000000000003, 6.0]",0.687222569931802
"[0.5542706985534477, 0.0, 0.0055181251682678845, 0.9264325421366182, 0.230019556796157, 0.24174539906621464, 0.34444260349712424, 0.7774414408582938, 0.5660482184056039, 0.95, 3.0, 0.6171484400055477, 0.7880890909523074, 0.39772609018640237, 0.0, 2.0, 0.27922428931182713, 0.8978347322550462, 0.4995560566355837, 0.94484, 0.8119169885568482, 0.22000000000000003, 8.0]",0.5214474488190403
"[0.2029748166172122, 0.0, 0.3411030005730712, 0.7229265518299743, 0.22436648137076018, 0.07463672528077434, 0.8979113583645411, 1.0548051122207407, 0.22282332258399218, 0.2, 6.0, 0.509699382648726, 0.9016003286050002, 0.4941358319901937, 2.0, 2.0, 0.7883957161345074, 1.17226907378304, 0.7390690169940285, 0.8258, 0.7323280026980318, 0.22000000000000003, 8.0]",0.61480627374677
"[0.4482883151996343, 0.5, 0.25662397358999733, 0.7909726228196365, 0.43511136714250037, 0.6489230871604313, 0.5093126623775237, 0.8573705386200172, 0.21863061788279536, 0.8, 4.0, 0.758758813601562, 0.7882812569587103, 0.44552325343255256, 0.0, 2.0, 0.36191763760774975, 0.707038882819301, 0.4334766082259432, 0.4298, 0.40723521115675376, 0.22000000000000003, 6.0]",0.6390510710468387
"[0.8470967916026528, 1.0, 0.4687037487514115, 0.9226024563658983, 0.26866994215144546, 0.2525640236674652, 0.4155748880160801, 0.7868289900686513, 0.46135428822769997, 0.7, 7.0, 0.5781023846337524, 0.9178512745112646, 0.315821358376611, 1.0, 3.0, 0.43471660491706043, 0.6073470895826839, 0.8809701644677712, 0.95388, 0.8991190456016727, 0.22000000000000003, 8.0]",0.6520920210807041
"[0.6561054649544127, 0.0, 0.4959786504049185, 0.8223205688472572, 0.12654405261080034, 0.6287480045284566, 0.5472566691341414, 1.021474422037081, 0.48462256396240827, 0.2, 7.0, 0.4576794096474576, 0.9224086798900266, 0.5026725690556999, 2.0, 4.0, 0.3011726741567823, 0.8005737579988922, 0.7688566839177771, 0.67016, 0.8616375751303433, 0.22000000000000003, 6.0]",0.6353750730188635
"[0.569379050318066, 0.5, 0.20058592312762835, 0.5275476079261261, 0.2671729241850672, 0.5977738329418201, 0.34589947378336616, 0.929682906159205, 0.783995947850044, 0.25, 5.0, 0.384401320817828, 0.813539287161503, 0.36889278059430536, 0.0, 1.0, 0.47523333221932546, 0.8648603836852262, 0.5537238940909158, 0.57492, 0.5286944796287134, 0.22000000000000003, 7.0]",0.5350090438750315
"[0.6501197480712186, 0.5, 0.3047220761658075, 0.7604940354426135, 0.5097933165653313, 0.38832606127349334, 0.7763797876930725, 0.9409775354652274, 0.5143947032233456, 0.7, 5.0, 0.5687909435937575, 0.9985654613883472, 0.6311645013777823, 1.0, 3.0, 0.4833814260259295, 1.0513933062989151, 0.8590912773578652, 0.45004, 0.32691617151296615, 0.22000000000000003, 6.0]",0.6631069965178205
"[0.26362787731891757, 0.0, 0.574456527335232, 0.9345224982522771, 0.2912393997731738, 0.1903133502749293, 0.8913396541892653, 1.2566587618246756, 0.31760614935115494, 0.2, 7.0, 0.6289143761855185, 0.9683103841625939, 0.38936208734082667, 1.0, 2.0, 0.6923391231609857, 0.8276599201037382, 0.6380027327657961, 0.67072, 0.6270291553393803, 0.22000000000000003, 6.0]",0.6007763418930637
"[0.8359819150488174, 0.0, 0.5119402404633215, 0.8813608638192725, 0.732128142734886, 0.20870457591589422, 0.6011319547885364, 1.123746069706082, 0.5375205881370657, 0.35, 6.0, 0.32521198734031137, 0.9828784054747182, 0.3550321353138575, 4.0, 0.0, 0.4773741556335291, 1.0173699619246128, 0.48345026687792186, 0.86496, 0.7270852965798438, 0.22000000000000003, 6.0]",0.4591182231368096
"[0.8901610433732566, 1.0, 0.992533860263405, 0.8458858524036408, 0.7579935495522876, 0.4775186516915025, 0.6294448607619239, 0.9887313618521876, 0.7043297643186659, 0.9, 6.0, 0.6147579507117741, 0.9645284584083499, 0.6394497343923712, 1.0, 0.0, 0.233803887096217, 1.0245813824243903, 0.5573030676642827, 0.6728, 0.4754525343024766, 0.22000000000000003, 7.0]",0.5384055729491085
"[0.2524044622274911, 1.0, 0.7643027874932504, 0.21032646166022426, 0.77946582091083, 0.6800780280358759, 0.5134423942179869, 0.8879568794005708, 0.2834059021324195, 0.2, 3.0, 0.2264915176660427, 0.5139964695618388, 0.7401750130604294, 0.0, 1.0, 0.4935415408921205, 1.0853335331994405, 0.6862054607509351, 0.79416, 0.8684430407427233, 0.22000000000000003, 8.0]",0.3045753659701111
"[0.7901065368850461, 1.0, 0.2392202817444692, 0.4431277706769676, 0.32917679814132605, 0.36349397714664783, 0.4686525567694635, 1.0430421595603023, 0.21369296525006845, 0.95, 6.0, 0.660548461544865, 0.989117266044085, 0.3962500866125443, 3.0, 0.0, 0.6086600037723217, 0.9610481419291117, 0.7600616019911247, 0.7284, 0.7405385345161752, 0.22000000000000003, 8.0]",0.44061347515859484
"[0.6230977875967372, 0.5, 0.6517673347824962, 0.30714043793699725, 0.3585252206545138, 0.49417221982472864, 0.7902423105859849, 1.156471996311214, 0.7422731078345304, 0.6, 3.0, 0.8957279802281067, 0.9949905584909589, 0.5685354851614921, 0.0, 1.0, 0.5744189423887877, 1.0372291163655083, 0.664234598195145, 0.4148, 0.34382830154706645, 0.22000000000000003, 6.0]",0.41665414365968884
"[0.5427324484743005, 1.0, 0.6516567857855599, 0.5770016468980508, 0.6163930203051597, 0.40724955991763856, 0.3143162030912555, 0.8313730207828121, 0.7098028144307025, 0.45, 7.0, 0.5727424750353621, 0.919002176169211, 0.3792986218337125, 1.0, 3.0, 0.3488631768662488, 0.8587783410648318, 0.6128730006098362, 0.58964, 0.5368596693086646, 0.22000000000000003, 7.0]",0.7116008398298981
"[0.7229729577724788, 0.5, 0.43433469111329615, 0.3360379067651533, 0.6084398427669698, 0.061569416895631994, 0.31689694811034247, 0.7619538770890685, 0.26672527854718137, 0.6, 3.0, 0.8060283826759743, 0.9084887132822601, 0.529351839465281, 0.0, 1.0, 0.4861276527843155, 0.9432785520988028, 0.7558549967351951, 0.48572, 0.4089077438250159, 0.22000000000000003, 6.0]",0.46972001732529295
"[0.1472039641694708, 1.0, 0.41235841680722096, 0.5394785146250898, 0.6170022187842965, 0.3633997438003513, 0.48606615607412557, 1.0027626144122377, 0.290370669565325, 0.95, 3.0, 0.4146619955259092, 0.8079401621984375, 0.6400555907179967, 0.0, 3.0, 0.31931565210808716, 1.1516266178726104, 0.42717624683587274, 0.90984, 0.30682872585237314, 0.22000000000000003, 6.0]",0.5030825379645864
"[0.21357696115744745, 0.0, 0.21537109523690312, 0.657232626548554, 0.45572550288170555, 0.2561951718899267, 0.45342436345304893, 1.1242188916839706, 0.627090206706966, 0.2, 3.0, 0.52447956433313, 0.9326843272677581, 0.5184531872945338, 0.0, 2.0, 0.340841110528574, 1.1482750243282998, 0.7403836956996305, 0.70284, 0.7585891696380951, 0.22000000000000003, 6.0]",0.4110695350812195
"[0.26295355696408573, 0.0, 0.7390826811455006, 0.5386148966034483, 0.6912581077044311, 0.5716713486179128, 0.43361257063303105, 1.0658993400011374, 0.43403152053049565, 0.8, 6.0, 0.4497572166035028, 0.965616786225789, 0.5096395564582955, 2.0, 2.0, 0.5382128776427066, 0.8375302658614064, 0.8816657920563251, 0.99732, 0.6270783348097183, 0.22000000000000003, 7.0]",0.6362821072919981
"[0.5598887134309457, 1.0, 0.7186473688851126, 0.9968114873706788, 0.5609351157399843, 0.49489807752542947, 0.7266788813657712, 1.1985522752843876, 0.6752975183115608, 0.9, 7.0, 0.26659371090346135, 0.4070402741380573, 0.5314450970082076, 2.0, 4.0, 0.7906797789191315, 1.0619332450442234, 0.7141494178675121, 0.57968, 0.3450652137257319, 0.22000000000000003, 7.0]",0.5874695393455261
"[0.7746383366729933, 0.0, 0.8939351021145532, 0.5350105287955955, 0.7775205382178075, 0.5334469354963464, 0.3636285674108432, 1.2713518367828214, 0.2663088543071396, 0.2, 7.0, 0.41541693500902077, 0.872825682861944, 0.4433401671734373, 1.0, 3.0, 0.40875132481135584, 1.0443131888052897, 0.8068520108237112, 0.6372, 0.8227291046945664, 0.22000000000000003, 6.0]",0.5930420059132707
"[0.8789097368445241, 1.0, 0.7154756091883986, 0.9356180435274284, 0.3244389235905801, 0.097310145943968, 0.5696967681433828, 0.8447692503100639, 0.6480505092943766, 0.5, 3.0, 0.3444560201560745, 0.8711713923060213, 0.7125600140875207, 1.0, 1.0, 0.6275862823999653, 0.9639183797053619, 0.47796699753520827, 0.87216, 0.7246909676100861, 0.22000000000000003, 6.0]",0.6246270771031237
"[0.4003018200272167, 0.0, 0.2716840704413387, 0.9040830945179004, 0.6229364652659224, 0.5607985125921188, 0.49293060162349134, 1.0182018569035045, 0.7531538270488134, 0.2, 5.0, 0.5934001613137224, 0.9626563500936669, 0.5039575618012623, 0.0, 3.0, 0.5329411507701052, 0.7728647653757934, 0.5364170471651689, 0.63408, 0.6128128431380624, 0.22000000000000003, 8.0]",0.5219317898276555
"[0.112814477692279, 0.0, 0.858700004738217, 0.7246357573525204, 0.3505152237281875, 0.5286158566131456, 0.5399394571592983, 0.9175168035748764, 0.6897422947725981, 0.85, 7.0, 0.4143716805057817, 0.9194722204140161, 0.5376806636554318, 2.0, 3.0, 0.24549669406366653, 1.1015733426088676, 0.8184500768670229, 0.51456, 0.4359796523037156, 0.22000000000000003, 7.0]",0.6614042530120592
"[0.2298482884113791, 0.0, 0.04174937020218694, 0.25478628836557826, 0.7902891167776, 0.5062975861529555, 0.5758312793494198, 1.0464063451726648, 0.2582330798979957, 0.95, 3.0, 0.40568247429659604, 0.6085598625967812, 0.4426464099669456, 0.0, 3.0, 0.7181644248083254, 1.0643316162716372, 0.5207646606647043, 0.77104, 0.6950690989979142, 0.22000000000000003, 6.0]",0.40960373094892505
"[0.19157055208546261, 1.0, 0.2045083820870216, 0.4890384613062872, 0.2536492154996891, 0.599382978708971, 0.8399899344193982, 0.8338073249180352, 0.2785373417543783, 0.2, 7.0, 0.39815888030203855, 0.8681978810875796, 0.5647621594445976, 0.0, 2.0, 0.5342934735512725, 0.6518471385649272, 0.5935740146803149, 0.79016, 0.6274852956026473, 0.22000000000000003, 6.0]",0.5193998523109538
"[0.641447604283104, 0.0, 0.5091706309274608, 0.3288761342414246, 0.12613547319319035, 0.5829058658811326, 0.8108060314989416, 1.1452747440236801, 0.3663133366214088, 0.9, 7.0, 0.6534991556143976, 0.9314095147328936, 0.5609982828302421, 3.0, 2.0, 0.3902464657522863, 0.8910273744126822, 0.4050321768065943, 0.56356, 0.7507960527176956, 0.22000000000000003, 7.0]",0.6553554686577108
"[0.4807328546863253, 1.0, 0.5391908058078717, 0.9717343553662148, 0.14444576404818285, 0.5849821708755176, 0.5957434894685495, 1.011645108929009, 0.7512026019612839, 0.8, 4.0, 0.6500058549311278, 0.9973947195322391, 0.5546315699978284, 1.0, 1.0, 0.6656429997130919, 0.8909380514227896, 0.7909689993904228, 0.69044, 0.853113164354858, 0.22000000000000003, 8.0]",0.6254827093418716
"[0.6553554278250873, 1.0, 0.1933212837978846, 0.2875290008824755, 0.09453845707407088, 0.45360238660934554, 0.5764885782940998, 1.1292631848310926, 0.6351653189063962, 0.75, 3.0, 0.21218923425055292, 0.40168228726323585, 0.4165130451576031, 1.0, 1.0, 0.40253848039454665, 0.9681061276814005, 0.7035504173661147, 0.59248, 0.7840816972809972, 0.22000000000000003, 6.0]",0.6465671356988535
"[0.24727008703568443, 0.0, 0.5611258094020811, 0.5221845495424586, 0.13000755037010361, 0.4630453802331376, 0.7677989899119553, 0.9197950773074558, 0.5815924036734563, 0.2, 6.0, 0.5558501132606016, 0.9542558927431073, 0.2626918728093923, 1.0, 1.0, 0.3881764127037741, 0.734912694569377, 0.5820270939034781, 0.54588, 0.6635035307074129, 0.22000000000000003, 8.0]",0.7323660809639779
"[0.6300113170329253, 0.0, 0.7043774559283165, 0.3387385996917248, 0.4468453673466896, 0.4029208395900733, 0.4155333078516877, 1.1934698668623418, 0.610210599511082, 0.45, 5.0, 0.6355599083839627, 0.906514820216094, 0.26552009070707605, 0.0, 1.0, 0.5312027380592994, 0.8982528510459707, 0.4915880651538426, 0.79824, 0.7466888711411364, 0.22000000000000003, 6.0]",0.47564426191685
"[0.8759631067355976, 0.5, 0.9355904224444125, 0.5944356564695197, 0.20168866547151376, 0.03536753188555289, 0.8579218317181438, 0.7987540978207346, 0.4047319221856671, 0.25, 7.0, 0.6004052244753539, 0.9972839206110773, 0.5481116445138604, 1.0, 1.0, 0.3777096364410644, 1.09089404087818, 0.7880748219835109, 0.60472, 0.4112385278146934, 0.22000000000000003, 6.0]",0.6391667818072846
"[0.8254062381561844, 0.5, 0.9503476122129321, 0.3903529317916853, 0.197612644225302, 0.24626723847834228, 0.3276538100813059, 1.2219711267187459, 0.585401835356732, 0.25, 6.0, 0.5314672110117507, 0.8612155275350839, 0.44003640694021956, 0.0, 4.0, 0.7945832545259572, 0.7663489578648432, 0.6315270022730497, 0.86732, 0.4954461922227242, 0.22000000000000003, 7.0]",0.44930198293521423
"[0.1132147668390962, 0.0, 0.6002798898544607, 0.821632975997701, 0.12220048981693701, 0.3081404889055834, 0.566036987999182, 1.153547320591908, 0.5726272338311864, 0.7, 4.0, 0.5778445383464539, 0.7452511127157694, 0.7649072427496914, 1.0, 2.0, 0.4467614948739017, 0.6651049543481317, 0.8754073380290499, 0.7982, 0.4147721609515084, 0.22000000000000003, 8.0]",0.68435354447975
"[0.6862580117955169, 1.0, 0.3695907234117759, 0.8939223739568425, 0.756007031826771, 0.49570338086768284, 0.6909113752746613, 0.704773643461478, 0.2695262123424193, 0.75, 3.0, 0.4750846174836445, 0.7567331289634978, 0.5336639429233506, 0.0, 2.0, 0.5053504419483936, 0.8912534344925889, 0.756027365613323, 0.58452, 0.40469529140290283, 0.22000000000000003, 6.0]",0.4857000671488296
